Emenda;Autor
EMC 1/2017 PL678716 => PL 6787/2016;Laura Carneiro
EMC 2/2017 PL678716 => PL 6787/2016;Laura Carneiro
EMC 3/2017 PL678716 => PL 6787/2016;Laura Carneiro
EMC 4/2017 PL678716 => PL 6787/2016;Laura Carneiro
EMC 5/2017 PL678716 => PL 6787/2016;Laura Carneiro
EMC 6/2017 PL678716 => PL 6787/2016;Laura Carneiro
EMC 7/2017 PL678716 => PL 6787/2016;Laura Carneiro
EMC 8/2017 PL678716 => PL 6787/2016;Laura Carneiro
EMC 9/2017 PL678716 => PL 6787/2016;Laura Carneiro
EMC 10/2017 PL678716 => PL 6787/2016;Darcísio Perondi
EMC 11/2017 PL678716 => PL 6787/2016;Gorete Pereira
EMC 12/2017 PL678716 => PL 6787/2016;Gorete Pereira
EMC 13/2017 PL678716 => PL 6787/2016;Gorete Pereira
EMC 14/2017 PL678716 => PL 6787/2016;Gorete Pereira
EMC 15/2017 PL678716 => PL 6787/2016;Gorete Pereira
EMC 16/2017 PL678716 => PL 6787/2016;Gorete Pereira
EMC 17/2017 PL678716 => PL 6787/2016;Gorete Pereira
EMC 18/2017 PL678716 => PL 6787/2016;Gorete Pereira
EMC 19/2017 PL678716 => PL 6787/2016;Gorete Pereira
EMC 20/2017 PL678716 => PL 6787/2016;Gorete Pereira
EMC 21/2017 PL678716 => PL 6787/2016;Gorete Pereira
EMC 22/2017 PL678716 => PL 6787/2016;Gorete Pereira
EMC 23/2017 PL678716 => PL 6787/2016;Gorete Pereira
EMC 24/2017 PL678716 => PL 6787/2016;Gorete Pereira
EMC 25/2017 PL678716 => PL 6787/2016;Gorete Pereira
EMC 26/2017 PL678716 => PL 6787/2016;Gorete Pereira
EMC 27/2017 PL678716 => PL 6787/2016;Gorete Pereira
EMC 28/2017 PL678716 => PL 6787/2016;Gorete Pereira
EMC 29/2017 PL678716 => PL 6787/2016;Gorete Pereira
EMC 30/2017 PL678716 => PL 6787/2016;Gorete Pereira
EMC 31/2017 PL678716 => PL 6787/2016;Gorete Pereira
EMC 32/2017 PL678716 => PL 6787/2016;Gorete Pereira
EMC 33/2017 PL678716 => PL 6787/2016;Gorete Pereira
EMC 34/2017 PL678716 => PL 6787/2016;Gorete Pereira
EMC 35/2017 PL678716 => PL 6787/2016;Gorete Pereira
EMC 36/2017 PL678716 => PL 6787/2016;Gorete Pereira
EMC 37/2017 PL678716 => PL 6787/2016;Gorete Pereira
EMC 38/2017 PL678716 => PL 6787/2016;Gorete Pereira
EMC 39/2017 PL678716 => PL 6787/2016;Gorete Pereira
EMC 40/2017 PL678716 => PL 6787/2016;Gorete Pereira
EMC 41/2017 PL678716 => PL 6787/2016;Gorete Pereira
EMC 42/2017 PL678716 => PL 6787/2016;Gorete Pereira
EMC 43/2017 PL678716 => PL 6787/2016;Gorete Pereira
EMC 44/2017 PL678716 => PL 6787/2016;Gorete Pereira
EMC 45/2017 PL678716 => PL 6787/2016;Gorete Pereira
EMC 46/2017 PL678716 => PL 6787/2016;Gorete Pereira
EMC 47/2017 PL678716 => PL 6787/2016;Gorete Pereira
EMC 48/2017 PL678716 => PL 6787/2016;Glauber Braga
EMC 49/2017 PL678716 => PL 6787/2016;Laercio Oliveira
EMC 50/2017 PL678716 => PL 6787/2016;Laercio Oliveira
EMC 51/2017 PL678716 => PL 6787/2016;Laercio Oliveira
EMC 52/2017 PL678716 => PL 6787/2016;Laercio Oliveira
EMC 53/2017 PL678716 => PL 6787/2016;Laercio Oliveira
EMC 54/2017 PL678716 => PL 6787/2016;Laercio Oliveira
EMC 55/2017 PL678716 => PL 6787/2016;Laercio Oliveira
EMC 56/2017 PL678716 => PL 6787/2016;Laercio Oliveira
EMC 57/2017 PL678716 => PL 6787/2016;Laercio Oliveira
EMC 58/2017 PL678716 => PL 6787/2016;Laercio Oliveira
EMC 59/2017 PL678716 => PL 6787/2016;Laercio Oliveira
EMC 60/2017 PL678716 => PL 6787/2016;André Figueiredo
EMC 61/2017 PL678716 => PL 6787/2016;André Figueiredo
EMC 62/2017 PL678716 => PL 6787/2016;André Figueiredo
EMC 63/2017 PL678716 => PL 6787/2016;André Figueiredo
EMC 64/2017 PL678716 => PL 6787/2016;Mauro Pereira
EMC 65/2017 PL678716 => PL 6787/2016;Celso Maldaner
EMC 66/2017 PL678716 => PL 6787/2016;Celso Maldaner
EMC 67/2017 PL678716 => PL 6787/2016;Celso Maldaner
EMC 68/2017 PL678716 => PL 6787/2016;Celso Maldaner
EMC 69/2017 PL678716 => PL 6787/2016;Celso Maldaner
EMC 70/2017 PL678716 => PL 6787/2016;Celso Maldaner
EMC 71/2017 PL678716 => PL 6787/2016;Celso Maldaner
EMC 72/2017 PL678716 => PL 6787/2016;Celso Maldaner
EMC 73/2017 PL678716 => PL 6787/2016;Celso Maldaner
EMC 74/2017 PL678716 => PL 6787/2016;Celso Maldaner
EMC 75/2017 PL678716 => PL 6787/2016;Celso Maldaner
EMC 76/2017 PL678716 => PL 6787/2016;Celso Maldaner
EMC 77/2017 PL678716 => PL 6787/2016;Celso Maldaner
EMC 78/2017 PL678716 => PL 6787/2016;Celso Maldaner
EMC 79/2017 PL678716 => PL 6787/2016;Celso Maldaner
EMC 80/2017 PL678716 => PL 6787/2016;Celso Maldaner
EMC 81/2017 PL678716 => PL 6787/2016;Celso Maldaner
EMC 82/2017 PL678716 => PL 6787/2016;Celso Maldaner
EMC 83/2017 PL678716 => PL 6787/2016;Laercio Oliveira
EMC 84/2017 PL678716 => PL 6787/2016;Laercio Oliveira
EMC 85/2017 PL678716 => PL 6787/2016;Laercio Oliveira
EMC 86/2017 PL678716 => PL 6787/2016;Laercio Oliveira
EMC 87/2017 PL678716 => PL 6787/2016;Laercio Oliveira
EMC 88/2017 PL678716 => PL 6787/2016;Laercio Oliveira
EMC 89/2017 PL678716 => PL 6787/2016;Laercio Oliveira
EMC 90/2017 PL678716 => PL 6787/2016;Laercio Oliveira
EMC 91/2017 PL678716 => PL 6787/2016;Laercio Oliveira
EMC 92/2017 PL678716 => PL 6787/2016;Laercio Oliveira
EMC 93/2017 PL678716 => PL 6787/2016;Laercio Oliveira
EMC 94/2017 PL678716 => PL 6787/2016;Laercio Oliveira
EMC 95/2017 PL678716 => PL 6787/2016;Laercio Oliveira
EMC 96/2017 PL678716 => PL 6787/2016;Laercio Oliveira
EMC 97/2017 PL678716 => PL 6787/2016;Laercio Oliveira
EMC 98/2017 PL678716 => PL 6787/2016;Laercio Oliveira
EMC 99/2017 PL678716 => PL 6787/2016;Laercio Oliveira
EMC 100/2017 PL678716 => PL 6787/2016;Laercio Oliveira
EMC 101/2017 PL678716 => PL 6787/2016;Laercio Oliveira
EMC 102/2017 PL678716 => PL 6787/2016;Laercio Oliveira
EMC 103/2017 PL678716 => PL 6787/2016;Diego Garcia
EMC 104/2017 PL678716 => PL 6787/2016;Gorete Pereira
EMC 105/2017 PL678716 => PL 6787/2016;Gorete Pereira
EMC 106/2017 PL678716 => PL 6787/2016;Vanderlei Macris
EMC 107/2017 PL678716 => PL 6787/2016;Vanderlei Macris
EMC 108/2017 PL678716 => PL 6787/2016;Vanderlei Macris
EMC 109/2017 PL678716 => PL 6787/2016;Vanderlei Macris
EMC 110/2017 PL678716 => PL 6787/2016;Vanderlei Macris
EMC 111/2017 PL678716 => PL 6787/2016;Vanderlei Macris
EMC 112/2017 PL678716 => PL 6787/2016;Vanderlei Macris
EMC 113/2017 PL678716 => PL 6787/2016;Vanderlei Macris
EMC 114/2017 PL678716 => PL 6787/2016;Vanderlei Macris
EMC 115/2017 PL678716 => PL 6787/2016;Vanderlei Macris
EMC 116/2017 PL678716 => PL 6787/2016;Vanderlei Macris
EMC 117/2017 PL678716 => PL 6787/2016;Vanderlei Macris
EMC 118/2017 PL678716 => PL 6787/2016;Vanderlei Macris
EMC 119/2017 PL678716 => PL 6787/2016;Vanderlei Macris
EMC 120/2017 PL678716 => PL 6787/2016;Vanderlei Macris
EMC 121/2017 PL678716 => PL 6787/2016;Vanderlei Macris
EMC 122/2017 PL678716 => PL 6787/2016;Vanderlei Macris
EMC 123/2017 PL678716 => PL 6787/2016;Vanderlei Macris
EMC 124/2017 PL678716 => PL 6787/2016;Vanderlei Macris
EMC 125/2017 PL678716 => PL 6787/2016;Vanderlei Macris
EMC 126/2017 PL678716 => PL 6787/2016;Vanderlei Macris
EMC 127/2017 PL678716 => PL 6787/2016;Vanderlei Macris
EMC 128/2017 PL678716 => PL 6787/2016;Vanderlei Macris
EMC 129/2017 PL678716 => PL 6787/2016;Vanderlei Macris
EMC 130/2017 PL678716 => PL 6787/2016;Vanderlei Macris
EMC 131/2017 PL678716 => PL 6787/2016;Vanderlei Macris
EMC 132/2017 PL678716 => PL 6787/2016;Vanderlei Macris
EMC 133/2017 PL678716 => PL 6787/2016;Celso Maldaner
EMC 134/2017 PL678716 => PL 6787/2016;Celso Maldaner
EMC 135/2017 PL678716 => PL 6787/2016;Celso Maldaner
EMC 136/2017 PL678716 => PL 6787/2016;Celso Maldaner
EMC 137/2017 PL678716 => PL 6787/2016;Celso Maldaner
EMC 138/2017 PL678716 => PL 6787/2016;Celso Maldaner
EMC 139/2017 PL678716 => PL 6787/2016;Marco Maia
EMC 140/2017 PL678716 => PL 6787/2016;Marco Maia
EMC 141/2017 PL678716 => PL 6787/2016;Marco Maia
EMC 142/2017 PL678716 => PL 6787/2016;Marco Maia
EMC 143/2017 PL678716 => PL 6787/2016;Marco Maia
EMC 144/2017 PL678716 => PL 6787/2016;Daniel Almeida
EMC 145/2017 PL678716 => PL 6787/2016;Daniel Almeida
EMC 146/2017 PL678716 => PL 6787/2016;Daniel Almeida
EMC 147/2017 PL678716 => PL 6787/2016;Daniel Almeida
EMC 148/2017 PL678716 => PL 6787/2016;Daniel Almeida
EMC 149/2017 PL678716 => PL 6787/2016;Daniel Almeida
EMC 150/2017 PL678716 => PL 6787/2016;Daniel Almeida
EMC 151/2017 PL678716 => PL 6787/2016;Daniel Almeida
EMC 152/2017 PL678716 => PL 6787/2016;Daniel Almeida
EMC 153/2017 PL678716 => PL 6787/2016;Daniel Almeida
EMC 154/2017 PL678716 => PL 6787/2016;Daniel Almeida
EMC 155/2017 PL678716 => PL 6787/2016;Daniel Almeida
EMC 156/2017 PL678716 => PL 6787/2016;Daniel Almeida
EMC 157/2017 PL678716 => PL 6787/2016;Laura Carneiro
EMC 158/2017 PL678716 => PL 6787/2016;Laura Carneiro
EMC 159/2017 PL678716 => PL 6787/2016;Laura Carneiro
EMC 160/2017 PL678716 => PL 6787/2016;Laura Carneiro
EMC 161/2017 PL678716 => PL 6787/2016;Daniel Almeida
EMC 162/2017 PL678716 => PL 6787/2016;Evair Vieira de Melo
EMC 163/2017 PL678716 => PL 6787/2016;Magda Mofatto
EMC 164/2017 PL678716 => PL 6787/2016;Magda Mofatto
EMC 165/2017 PL678716 => PL 6787/2016;Magda Mofatto
EMC 166/2017 PL678716 => PL 6787/2016;Magda Mofatto
EMC 167/2017 PL678716 => PL 6787/2016;Magda Mofatto
EMC 168/2017 PL678716 => PL 6787/2016;Magda Mofatto
EMC 169/2017 PL678716 => PL 6787/2016;Magda Mofatto
EMC 170/2017 PL678716 => PL 6787/2016;Magda Mofatto
EMC 171/2017 PL678716 => PL 6787/2016;Magda Mofatto
EMC 172/2017 PL678716 => PL 6787/2016;Magda Mofatto
EMC 173/2017 PL678716 => PL 6787/2016;Magda Mofatto
EMC 174/2017 PL678716 => PL 6787/2016;Magda Mofatto
EMC 175/2017 PL678716 => PL 6787/2016;Magda Mofatto
EMC 176/2017 PL678716 => PL 6787/2016;Magda Mofatto
EMC 177/2017 PL678716 => PL 6787/2016;Magda Mofatto
EMC 178/2017 PL678716 => PL 6787/2016;Magda Mofatto
EMC 179/2017 PL678716 => PL 6787/2016;Magda Mofatto
EMC 180/2017 PL678716 => PL 6787/2016;Magda Mofatto
EMC 181/2017 PL678716 => PL 6787/2016;Magda Mofatto
EMC 182/2017 PL678716 => PL 6787/2016;Magda Mofatto
EMC 183/2017 PL678716 => PL 6787/2016;Magda Mofatto
EMC 184/2017 PL678716 => PL 6787/2016;Jô Moraes
EMC 185/2017 PL678716 => PL 6787/2016;Jô Moraes
EMC 186/2017 PL678716 => PL 6787/2016;Jô Moraes
EMC 187/2017 PL678716 => PL 6787/2016;Jô Moraes
EMC 188/2017 PL678716 => PL 6787/2016;Jô Moraes
EMC 189/2017 PL678716 => PL 6787/2016;Jô Moraes
EMC 190/2017 PL678716 => PL 6787/2016;Jô Moraes
EMC 191/2017 PL678716 => PL 6787/2016;Jô Moraes
EMC 192/2017 PL678716 => PL 6787/2016;Magda Mofatto
EMC 193/2017 PL678716 => PL 6787/2016;Diego Andrade
EMC 194/2017 PL678716 => PL 6787/2016;Diego Andrade
EMC 195/2017 PL678716 => PL 6787/2016;Diego Andrade
EMC 196/2017 PL678716 => PL 6787/2016;Diego Andrade
EMC 197/2017 PL678716 => PL 6787/2016;Diego Andrade
EMC 198/2017 PL678716 => PL 6787/2016;Diego Andrade
EMC 199/2017 PL678716 => PL 6787/2016;Diego Andrade
EMC 200/2017 PL678716 => PL 6787/2016;Diego Andrade
EMC 201/2017 PL678716 => PL 6787/2016;Diego Andrade
EMC 202/2017 PL678716 => PL 6787/2016;Diego Andrade
EMC 203/2017 PL678716 => PL 6787/2016;Diego Andrade
EMC 204/2017 PL678716 => PL 6787/2016;Diego Andrade
EMC 205/2017 PL678716 => PL 6787/2016;Diego Andrade
EMC 206/2017 PL678716 => PL 6787/2016;Diego Andrade
EMC 207/2017 PL678716 => PL 6787/2016;Diego Andrade
EMC 208/2017 PL678716 => PL 6787/2016;Diego Andrade
EMC 209/2017 PL678716 => PL 6787/2016;Diego Andrade
EMC 210/2017 PL678716 => PL 6787/2016;Diego Andrade
EMC 211/2017 PL678716 => PL 6787/2016;Diego Andrade
EMC 212/2017 PL678716 => PL 6787/2016;Diego Andrade
EMC 213/2017 PL678716 => PL 6787/2016;Diego Andrade
EMC 214/2017 PL678716 => PL 6787/2016;Diego Andrade
EMC 215/2017 PL678716 => PL 6787/2016;Laura Carneiro
EMC 216/2017 PL678716 => PL 6787/2016;Laura Carneiro
EMC 217/2017 PL678716 => PL 6787/2016;Laura Carneiro
EMC 218/2017 PL678716 => PL 6787/2016;Laura Carneiro
EMC 219/2017 PL678716 => PL 6787/2016;Padre João
EMC 220/2017 PL678716 => PL 6787/2016;Padre João
EMC 221/2017 PL678716 => PL 6787/2016;Padre João
EMC 222/2017 PL678716 => PL 6787/2016;Padre João
EMC 223/2017 PL678716 => PL 6787/2016;Alfredo Kaefer
EMC 224/2017 PL678716 => PL 6787/2016;Laura Carneiro
EMC 225/2017 PL678716 => PL 6787/2016;Laura Carneiro
EMC 226/2017 PL678716 => PL 6787/2016;Laura Carneiro
EMC 227/2017 PL678716 => PL 6787/2016;Laura Carneiro
EMC 228/2017 PL678716 => PL 6787/2016;Laura Carneiro
EMC 229/2017 PL678716 => PL 6787/2016;Laura Carneiro
EMC 230/2017 PL678716 => PL 6787/2016;Laura Carneiro
EMC 231/2017 PL678716 => PL 6787/2016;Laura Carneiro
EMC 232/2017 PL678716 => PL 6787/2016;Weverton Rocha
EMC 233/2017 PL678716 => PL 6787/2016;Hissa Abrahão
EMC 234/2017 PL678716 => PL 6787/2016;Hissa Abrahão
EMC 235/2017 PL678716 => PL 6787/2016;Hissa Abrahão
EMC 236/2017 PL678716 => PL 6787/2016;Hissa Abrahão
EMC 237/2017 PL678716 => PL 6787/2016;Hissa Abrahão
EMC 238/2017 PL678716 => PL 6787/2016;Weverton Rocha
EMC 239/2017 PL678716 => PL 6787/2016;Weverton Rocha
EMC 240/2017 PL678716 => PL 6787/2016;Weverton Rocha
EMC 241/2017 PL678716 => PL 6787/2016;Weverton Rocha
EMC 242/2017 PL678716 => PL 6787/2016;Weverton Rocha
EMC 243/2017 PL678716 => PL 6787/2016;Chico Lopes
EMC 244/2017 PL678716 => PL 6787/2016;Chico Lopes
EMC 245/2017 PL678716 => PL 6787/2016;Chico Lopes
EMC 246/2017 PL678716 => PL 6787/2016;Chico Lopes
EMC 247/2017 PL678716 => PL 6787/2016;Chico Lopes
EMC 248/2017 PL678716 => PL 6787/2016;Chico Lopes
EMC 249/2017 PL678716 => PL 6787/2016;Chico Lopes
EMC 250/2017 PL678716 => PL 6787/2016;Chico Lopes
EMC 251/2017 PL678716 => PL 6787/2016;Mauro Lopes
EMC 252/2017 PL678716 => PL 6787/2016;Mauro Lopes
EMC 253/2017 PL678716 => PL 6787/2016;Mauro Lopes
EMC 254/2017 PL678716 => PL 6787/2016;Mauro Lopes
EMC 255/2017 PL678716 => PL 6787/2016;Mauro Lopes
EMC 256/2017 PL678716 => PL 6787/2016;Mauro Lopes
EMC 257/2017 PL678716 => PL 6787/2016;Mauro Lopes
EMC 258/2017 PL678716 => PL 6787/2016;Mauro Lopes
EMC 259/2017 PL678716 => PL 6787/2016;Mauro Lopes
EMC 260/2017 PL678716 => PL 6787/2016;Mauro Lopes
EMC 261/2017 PL678716 => PL 6787/2016;Mauro Lopes
EMC 262/2017 PL678716 => PL 6787/2016;Mauro Lopes
EMC 263/2017 PL678716 => PL 6787/2016;Mauro Lopes
EMC 264/2017 PL678716 => PL 6787/2016;Mauro Lopes
EMC 265/2017 PL678716 => PL 6787/2016;Mauro Lopes
EMC 266/2017 PL678716 => PL 6787/2016;Mauro Lopes
EMC 267/2017 PL678716 => PL 6787/2016;Mauro Lopes
EMC 268/2017 PL678716 => PL 6787/2016;Mauro Lopes
EMC 269/2017 PL678716 => PL 6787/2016;Mauro Lopes
EMC 270/2017 PL678716 => PL 6787/2016;Mauro Lopes
EMC 271/2017 PL678716 => PL 6787/2016;Mauro Lopes
EMC 272/2017 PL678716 => PL 6787/2016;Mauro Lopes
EMC 273/2017 PL678716 => PL 6787/2016;Mauro Lopes
EMC 274/2017 PL678716 => PL 6787/2016;Mauro Lopes
EMC 275/2017 PL678716 => PL 6787/2016;Mauro Lopes
EMC 276/2017 PL678716 => PL 6787/2016;Mauro Lopes
EMC 277/2017 PL678716 => PL 6787/2016;Mauro Lopes
EMC 278/2017 PL678716 => PL 6787/2016;Mauro Lopes
EMC 279/2017 PL678716 => PL 6787/2016;Mauro Lopes
EMC 280/2017 PL678716 => PL 6787/2016;Mauro Lopes
EMC 281/2017 PL678716 => PL 6787/2016;Mauro Lopes
EMC 282/2017 PL678716 => PL 6787/2016;Mauro Lopes
EMC 283/2017 PL678716 => PL 6787/2016;Laercio Oliveira
EMC 284/2017 PL678716 => PL 6787/2016;Laercio Oliveira
EMC 285/2017 PL678716 => PL 6787/2016;Gorete Pereira
EMC 286/2017 PL678716 => PL 6787/2016;Gorete Pereira
EMC 287/2017 PL678716 => PL 6787/2016;Chico Lopes
EMC 288/2017 PL678716 => PL 6787/2016;Marinaldo Rosendo
EMC 289/2017 PL678716 => PL 6787/2016;Marinaldo Rosendo
EMC 290/2017 PL678716 => PL 6787/2016;Marinaldo Rosendo
EMC 291/2017 PL678716 => PL 6787/2016;Marinaldo Rosendo
EMC 292/2017 PL678716 => PL 6787/2016;Marinaldo Rosendo
EMC 293/2017 PL678716 => PL 6787/2016;Marinaldo Rosendo
EMC 294/2017 PL678716 => PL 6787/2016;Marinaldo Rosendo
EMC 295/2017 PL678716 => PL 6787/2016;Marinaldo Rosendo
EMC 296/2017 PL678716 => PL 6787/2016;Marinaldo Rosendo
EMC 297/2017 PL678716 => PL 6787/2016;Marinaldo Rosendo
EMC 298/2017 PL678716 => PL 6787/2016;Marinaldo Rosendo
EMC 299/2017 PL678716 => PL 6787/2016;Marinaldo Rosendo
EMC 300/2017 PL678716 => PL 6787/2016;Marinaldo Rosendo
EMC 301/2017 PL678716 => PL 6787/2016;Herculano Passos
EMC 302/2017 PL678716 => PL 6787/2016;Sergio Vidigal
EMC 303/2017 PL678716 => PL 6787/2016;Sergio Vidigal
EMC 304/2017 PL678716 => PL 6787/2016;Sergio Vidigal
EMC 305/2017 PL678716 => PL 6787/2016;Sergio Vidigal
EMC 306/2017 PL678716 => PL 6787/2016;Sergio Vidigal
EMC 307/2017 PL678716 => PL 6787/2016;Sergio Vidigal
EMC 308/2017 PL678716 => PL 6787/2016;Ricardo Izar
EMC 309/2017 PL678716 => PL 6787/2016;Ricardo Izar
EMC 310/2017 PL678716 => PL 6787/2016;Ricardo Izar
EMC 311/2017 PL678716 => PL 6787/2016;Ricardo Izar
EMC 312/2017 PL678716 => PL 6787/2016;Ricardo Izar
EMC 313/2017 PL678716 => PL 6787/2016;Ricardo Izar
EMC 314/2017 PL678716 => PL 6787/2016;Paes Landim
EMC 315/2017 PL678716 => PL 6787/2016;Paes Landim
EMC 316/2017 PL678716 => PL 6787/2016;Paes Landim
EMC 317/2017 PL678716 => PL 6787/2016;Paes Landim
EMC 318/2017 PL678716 => PL 6787/2016;Rosangela Gomes
EMC 319/2017 PL678716 => PL 6787/2016;Rosangela Gomes
EMC 320/2017 PL678716 => PL 6787/2016;Sergio Vidigal
EMC 321/2017 PL678716 => PL 6787/2016;Sergio Vidigal
EMC 322/2017 PL678716 => PL 6787/2016;Roberto Sales
EMC 323/2017 PL678716 => PL 6787/2016;Roberto Sales
EMC 324/2017 PL678716 => PL 6787/2016;Roberto Sales
EMC 325/2017 PL678716 => PL 6787/2016;Roberto Sales
EMC 326/2017 PL678716 => PL 6787/2016;Roberto Sales
EMC 327/2017 PL678716 => PL 6787/2016;Roberto Sales
EMC 328/2017 PL678716 => PL 6787/2016;Mauro Pereira
EMC 329/2017 PL678716 => PL 6787/2016;Cleber Verde
EMC 330/2017 PL678716 => PL 6787/2016;Valdir Colatto
EMC 331/2017 PL678716 => PL 6787/2016;Valdir Colatto
EMC 332/2017 PL678716 => PL 6787/2016;Valdir Colatto
EMC 333/2017 PL678716 => PL 6787/2016;Valdir Colatto
EMC 334/2017 PL678716 => PL 6787/2016;Valdir Colatto
EMC 335/2017 PL678716 => PL 6787/2016;Valdir Colatto
EMC 336/2017 PL678716 => PL 6787/2016;Valdir Colatto
EMC 337/2017 PL678716 => PL 6787/2016;Valdir Colatto
EMC 338/2017 PL678716 => PL 6787/2016;Valdir Colatto
EMC 339/2017 PL678716 => PL 6787/2016;Valdir Colatto
EMC 340/2017 PL678716 => PL 6787/2016;Valdir Colatto
EMC 341/2017 PL678716 => PL 6787/2016;Valdir Colatto
EMC 342/2017 PL678716 => PL 6787/2016;Sergio Vidigal
EMC 343/2017 PL678716 => PL 6787/2016;Célio Silveira
EMC 344/2017 PL678716 => PL 6787/2016;Célio Silveira
EMC 345/2017 PL678716 => PL 6787/2016;Célio Silveira
EMC 346/2017 PL678716 => PL 6787/2016;Célio Silveira
EMC 347/2017 PL678716 => PL 6787/2016;Célio Silveira
EMC 348/2017 PL678716 => PL 6787/2016;Célio Silveira
EMC 349/2017 PL678716 => PL 6787/2016;Célio Silveira
EMC 350/2017 PL678716 => PL 6787/2016;Célio Silveira
EMC 351/2017 PL678716 => PL 6787/2016;Célio Silveira
EMC 352/2017 PL678716 => PL 6787/2016;Célio Silveira
EMC 353/2017 PL678716 => PL 6787/2016;Goulart
EMC 354/2017 PL678716 => PL 6787/2016;Goulart
EMC 355/2017 PL678716 => PL 6787/2016;Goulart
EMC 356/2017 PL678716 => PL 6787/2016;Major Olimpio
EMC 357/2017 PL678716 => PL 6787/2016;Major Olimpio
EMC 358/2017 PL678716 => PL 6787/2016;Major Olimpio
EMC 359/2017 PL678716 => PL 6787/2016;Major Olimpio
EMC 360/2017 PL678716 => PL 6787/2016;Major Olimpio
EMC 361/2017 PL678716 => PL 6787/2016;Major Olimpio
EMC 362/2017 PL678716 => PL 6787/2016;Major Olimpio
EMC 363/2017 PL678716 => PL 6787/2016;Major Olimpio
EMC 364/2017 PL678716 => PL 6787/2016;Major Olimpio
EMC 365/2017 PL678716 => PL 6787/2016;Major Olimpio
EMC 366/2017 PL678716 => PL 6787/2016;Major Olimpio
EMC 367/2017 PL678716 => PL 6787/2016;Major Olimpio
EMC 368/2017 PL678716 => PL 6787/2016;Major Olimpio
EMC 369/2017 PL678716 => PL 6787/2016;Major Olimpio
EMC 370/2017 PL678716 => PL 6787/2016;Major Olimpio
EMC 371/2017 PL678716 => PL 6787/2016;Major Olimpio
EMC 372/2017 PL678716 => PL 6787/2016;Major Olimpio
EMC 373/2017 PL678716 => PL 6787/2016;Major Olimpio
EMC 374/2017 PL678716 => PL 6787/2016;Major Olimpio
EMC 375/2017 PL678716 => PL 6787/2016;Major Olimpio
EMC 376/2017 PL678716 => PL 6787/2016;Major Olimpio
EMC 377/2017 PL678716 => PL 6787/2016;Major Olimpio
EMC 378/2017 PL678716 => PL 6787/2016;Major Olimpio
EMC 379/2017 PL678716 => PL 6787/2016;Major Olimpio
EMC 380/2017 PL678716 => PL 6787/2016;Major Olimpio
EMC 381/2017 PL678716 => PL 6787/2016;Major Olimpio
EMC 382/2017 PL678716 => PL 6787/2016;Major Olimpio
EMC 383/2017 PL678716 => PL 6787/2016;André Figueiredo
EMC 384/2017 PL678716 => PL 6787/2016;André Figueiredo
EMC 385/2017 PL678716 => PL 6787/2016;André Figueiredo
EMC 386/2017 PL678716 => PL 6787/2016;Alberto Fraga
EMC 387/2017 PL678716 => PL 6787/2016;Gorete Pereira
EMC 388/2017 PL678716 => PL 6787/2016;Paulo Teixeira
EMC 389/2017 PL678716 => PL 6787/2016;João Gualberto
EMC 390/2017 PL678716 => PL 6787/2016;João Gualberto
EMC 391/2017 PL678716 => PL 6787/2016;João Gualberto
EMC 392/2017 PL678716 => PL 6787/2016;João Gualberto
EMC 393/2017 PL678716 => PL 6787/2016;João Gualberto
EMC 394/2017 PL678716 => PL 6787/2016;João Gualberto
EMC 395/2017 PL678716 => PL 6787/2016;João Gualberto
EMC 396/2017 PL678716 => PL 6787/2016;João Gualberto
EMC 397/2017 PL678716 => PL 6787/2016;João Gualberto
EMC 398/2017 PL678716 => PL 6787/2016;João Gualberto
EMC 399/2017 PL678716 => PL 6787/2016;João Gualberto
EMC 400/2017 PL678716 => PL 6787/2016;João Gualberto
EMC 401/2017 PL678716 => PL 6787/2016;Celso Maldaner
EMC 402/2017 PL678716 => PL 6787/2016;Celso Maldaner
EMC 403/2017 PL678716 => PL 6787/2016;Celso Maldaner
EMC 404/2017 PL678716 => PL 6787/2016;Celso Maldaner
EMC 405/2017 PL678716 => PL 6787/2016;Gorete Pereira
EMC 406/2017 PL678716 => PL 6787/2016;Gorete Pereira
EMC 407/2017 PL678716 => PL 6787/2016;Darcísio Perondi
EMC 408/2017 PL678716 => PL 6787/2016;Valdir Colatto
EMC 409/2017 PL678716 => PL 6787/2016;Valdir Colatto
EMC 410/2017 PL678716 => PL 6787/2016;Valdir Colatto
EMC 411/2017 PL678716 => PL 6787/2016;Valdir Colatto
EMC 412/2017 PL678716 => PL 6787/2016;Valdir Colatto
EMC 413/2017 PL678716 => PL 6787/2016;Valdir Colatto
EMC 414/2017 PL678716 => PL 6787/2016;Valdir Colatto
EMC 415/2017 PL678716 => PL 6787/2016;Valdir Colatto
EMC 416/2017 PL678716 => PL 6787/2016;Valdir Colatto
EMC 417/2017 PL678716 => PL 6787/2016;Valdir Colatto
EMC 418/2017 PL678716 => PL 6787/2016;Valdir Colatto
EMC 419/2017 PL678716 => PL 6787/2016;Valdir Colatto
EMC 420/2017 PL678716 => PL 6787/2016;Valdir Colatto
EMC 421/2017 PL678716 => PL 6787/2016;Augusto Coutinho 
EMC 422/2017 PL678716 => PL 6787/2016;Ricardo Izar
EMC 423/2017 PL678716 => PL 6787/2016;Chico Alencar
EMC 424/2017 PL678716 => PL 6787/2016;Chico Alencar
EMC 425/2017 PL678716 => PL 6787/2016;Chico Alencar
EMC 426/2017 PL678716 => PL 6787/2016;Fernando Monteiro
EMC 427/2017 PL678716 => PL 6787/2016;Diego Garcia
EMC 428/2017 PL678716 => PL 6787/2016;Diego Garcia
EMC 429/2017 PL678716 => PL 6787/2016;Vitor Lippi
EMC 430/2017 PL678716 => PL 6787/2016;Vitor Lippi
EMC 431/2017 PL678716 => PL 6787/2016;Vitor Lippi
EMC 432/2017 PL678716 => PL 6787/2016;Vitor Lippi
EMC 433/2017 PL678716 => PL 6787/2016;Vitor Lippi
EMC 434/2017 PL678716 => PL 6787/2016;Vitor Lippi
EMC 435/2017 PL678716 => PL 6787/2016;Vitor Lippi
EMC 436/2017 PL678716 => PL 6787/2016;Vitor Lippi
EMC 437/2017 PL678716 => PL 6787/2016;Vitor Lippi
EMC 438/2017 PL678716 => PL 6787/2016;Vitor Lippi
EMC 439/2017 PL678716 => PL 6787/2016;Vitor Lippi
EMC 440/2017 PL678716 => PL 6787/2016;Vitor Lippi
EMC 441/2017 PL678716 => PL 6787/2016;Vitor Lippi
EMC 442/2017 PL678716 => PL 6787/2016;Vitor Lippi
EMC 443/2017 PL678716 => PL 6787/2016;Vitor Lippi
EMC 444/2017 PL678716 => PL 6787/2016;Vitor Lippi
EMC 445/2017 PL678716 => PL 6787/2016;Vitor Lippi
EMC 446/2017 PL678716 => PL 6787/2016;Gorete Pereira
EMC 447/2017 PL678716 => PL 6787/2016;Gorete Pereira
EMC 448/2017 PL678716 => PL 6787/2016;Renzo Braz
EMC 449/2017 PL678716 => PL 6787/2016;Renzo Braz
EMC 450/2017 PL678716 => PL 6787/2016;Renzo Braz
EMC 451/2017 PL678716 => PL 6787/2016;Renzo Braz
EMC 452/2017 PL678716 => PL 6787/2016;Renzo Braz
EMC 453/2017 PL678716 => PL 6787/2016;Renzo Braz
EMC 454/2017 PL678716 => PL 6787/2016;Renzo Braz
EMC 455/2017 PL678716 => PL 6787/2016;Renzo Braz
EMC 456/2017 PL678716 => PL 6787/2016;Renzo Braz
EMC 457/2017 PL678716 => PL 6787/2016;Renzo Braz
EMC 458/2017 PL678716 => PL 6787/2016;Renzo Braz
EMC 459/2017 PL678716 => PL 6787/2016;Renzo Braz
EMC 460/2017 PL678716 => PL 6787/2016;Renzo Braz
EMC 461/2017 PL678716 => PL 6787/2016;Renzo Braz
EMC 462/2017 PL678716 => PL 6787/2016;Renzo Braz
EMC 463/2017 PL678716 => PL 6787/2016;Renzo Braz
EMC 464/2017 PL678716 => PL 6787/2016;Renzo Braz
EMC 465/2017 PL678716 => PL 6787/2016;Renzo Braz
EMC 466/2017 PL678716 => PL 6787/2016;Renzo Braz
EMC 467/2017 PL678716 => PL 6787/2016;Nelson Marquezelli
EMC 468/2017 PL678716 => PL 6787/2016;Nelson Marquezelli
EMC 469/2017 PL678716 => PL 6787/2016;Nelson Marquezelli
EMC 470/2017 PL678716 => PL 6787/2016;Nelson Marquezelli
EMC 471/2017 PL678716 => PL 6787/2016;Nelson Marquezelli
EMC 472/2017 PL678716 => PL 6787/2016;Nelson Marquezelli
EMC 473/2017 PL678716 => PL 6787/2016;Nelson Marquezelli
EMC 474/2017 PL678716 => PL 6787/2016;Nelson Marquezelli
EMC 475/2017 PL678716 => PL 6787/2016;Nelson Marquezelli
EMC 476/2017 PL678716 => PL 6787/2016;Nelson Marquezelli
EMC 477/2017 PL678716 => PL 6787/2016;Nelson Marquezelli
EMC 478/2017 PL678716 => PL 6787/2016;Nelson Marquezelli
EMC 479/2017 PL678716 => PL 6787/2016;Tereza Cristina
EMC 480/2017 PL678716 => PL 6787/2016;Danilo Cabral
EMC 481/2017 PL678716 => PL 6787/2016;Danilo Cabral
EMC 482/2017 PL678716 => PL 6787/2016;Tereza Cristina
EMC 483/2017 PL678716 => PL 6787/2016;Daniel Vilela
EMC 484/2017 PL678716 => PL 6787/2016;Daniel Vilela
EMC 485/2017 PL678716 => PL 6787/2016;Daniel Vilela
EMC 486/2017 PL678716 => PL 6787/2016;Daniel Vilela
EMC 487/2017 PL678716 => PL 6787/2016;Daniel Vilela
EMC 488/2017 PL678716 => PL 6787/2016;Daniel Vilela
EMC 489/2017 PL678716 => PL 6787/2016;Daniel Vilela
EMC 490/2017 PL678716 => PL 6787/2016;Daniel Vilela
EMC 491/2017 PL678716 => PL 6787/2016;Jerônimo Goergen
EMC 492/2017 PL678716 => PL 6787/2016;Jerônimo Goergen
EMC 493/2017 PL678716 => PL 6787/2016;Jerônimo Goergen
EMC 494/2017 PL678716 => PL 6787/2016;Jerônimo Goergen
EMC 495/2017 PL678716 => PL 6787/2016;Jerônimo Goergen
EMC 496/2017 PL678716 => PL 6787/2016;Jerônimo Goergen
EMC 497/2017 PL678716 => PL 6787/2016;Jerônimo Goergen
EMC 498/2017 PL678716 => PL 6787/2016;Jerônimo Goergen
EMC 499/2017 PL678716 => PL 6787/2016;Jerônimo Goergen
EMC 500/2017 PL678716 => PL 6787/2016;Jerônimo Goergen
EMC 501/2017 PL678716 => PL 6787/2016;Jerônimo Goergen
EMC 502/2017 PL678716 => PL 6787/2016;Jerônimo Goergen
EMC 503/2017 PL678716 => PL 6787/2016;Jerônimo Goergen
EMC 504/2017 PL678716 => PL 6787/2016;Jerônimo Goergen
EMC 505/2017 PL678716 => PL 6787/2016;Jerônimo Goergen
EMC 506/2017 PL678716 => PL 6787/2016;Jerônimo Goergen
EMC 507/2017 PL678716 => PL 6787/2016;Jerônimo Goergen
EMC 508/2017 PL678716 => PL 6787/2016;Jerônimo Goergen
EMC 509/2017 PL678716 => PL 6787/2016;Jerônimo Goergen
EMC 510/2017 PL678716 => PL 6787/2016;Jerônimo Goergen
EMC 511/2017 PL678716 => PL 6787/2016;Jerônimo Goergen
EMC 512/2017 PL678716 => PL 6787/2016;Jerônimo Goergen
EMC 513/2017 PL678716 => PL 6787/2016;Jerônimo Goergen
EMC 514/2017 PL678716 => PL 6787/2016;Jerônimo Goergen
EMC 515/2017 PL678716 => PL 6787/2016;Jerônimo Goergen
EMC 516/2017 PL678716 => PL 6787/2016;Jerônimo Goergen
EMC 517/2017 PL678716 => PL 6787/2016;Jerônimo Goergen
EMC 518/2017 PL678716 => PL 6787/2016;Jerônimo Goergen
EMC 519/2017 PL678716 => PL 6787/2016;Jerônimo Goergen
EMC 520/2017 PL678716 => PL 6787/2016;Jerônimo Goergen
EMC 521/2017 PL678716 => PL 6787/2016;Jerônimo Goergen
EMC 522/2017 PL678716 => PL 6787/2016;Jerônimo Goergen
EMC 523/2017 PL678716 => PL 6787/2016;Jerônimo Goergen
EMC 524/2017 PL678716 => PL 6787/2016;Jerônimo Goergen
EMC 525/2017 PL678716 => PL 6787/2016;Jerônimo Goergen
EMC 526/2017 PL678716 => PL 6787/2016;Jerônimo Goergen
EMC 527/2017 PL678716 => PL 6787/2016;Jerônimo Goergen
EMC 528/2017 PL678716 => PL 6787/2016;Jerônimo Goergen
EMC 529/2017 PL678716 => PL 6787/2016;Jerônimo Goergen
EMC 530/2017 PL678716 => PL 6787/2016;Jerônimo Goergen
EMC 531/2017 PL678716 => PL 6787/2016;Jerônimo Goergen
EMC 532/2017 PL678716 => PL 6787/2016;Jerônimo Goergen
EMC 533/2017 PL678716 => PL 6787/2016;Jerônimo Goergen
EMC 534/2017 PL678716 => PL 6787/2016;Jerônimo Goergen
EMC 535/2017 PL678716 => PL 6787/2016;Átila Lira
EMC 536/2017 PL678716 => PL 6787/2016;Danilo Cabral
EMC 537/2017 PL678716 => PL 6787/2016;Danilo Cabral
EMC 538/2017 PL678716 => PL 6787/2016;Goulart
EMC 539/2017 PL678716 => PL 6787/2016;Goulart
EMC 540/2017 PL678716 => PL 6787/2016;Heitor Schuch
EMC 541/2017 PL678716 => PL 6787/2016;Arnaldo Jordy
EMC 542/2017 PL678716 => PL 6787/2016;Arnaldo Jordy
EMC 543/2017 PL678716 => PL 6787/2016;Arnaldo Jordy
EMC 544/2017 PL678716 => PL 6787/2016;Arnaldo Jordy
EMC 545/2017 PL678716 => PL 6787/2016;Ronaldo Carletto
EMC 546/2017 PL678716 => PL 6787/2016;Ronaldo Carletto
EMC 547/2017 PL678716 => PL 6787/2016;Assis Melo
EMC 548/2017 PL678716 => PL 6787/2016;Assis Melo
EMC 549/2017 PL678716 => PL 6787/2016;Assis Melo
EMC 550/2017 PL678716 => PL 6787/2016;Assis Melo
EMC 551/2017 PL678716 => PL 6787/2016;Assis Melo
EMC 552/2017 PL678716 => PL 6787/2016;Sergio Vidigal
EMC 553/2017 PL678716 => PL 6787/2016;Sergio Vidigal
EMC 554/2017 PL678716 => PL 6787/2016;Sergio Vidigal
EMC 555/2017 PL678716 => PL 6787/2016;Sergio Vidigal
EMC 556/2017 PL678716 => PL 6787/2016;Sergio Vidigal
EMC 557/2017 PL678716 => PL 6787/2016;Sergio Vidigal
EMC 558/2017 PL678716 => PL 6787/2016;Sergio Vidigal
EMC 559/2017 PL678716 => PL 6787/2016;Sergio Vidigal
EMC 560/2017 PL678716 => PL 6787/2016;Sergio Vidigal
EMC 561/2017 PL678716 => PL 6787/2016;Sergio Vidigal
EMC 562/2017 PL678716 => PL 6787/2016;Danilo Cabral
EMC 563/2017 PL678716 => PL 6787/2016;Laercio Oliveira
EMC 564/2017 PL678716 => PL 6787/2016;Jerônimo Goergen
EMC 565/2017 PL678716 => PL 6787/2016;Renata Abreu
EMC 566/2017 PL678716 => PL 6787/2016;Renata Abreu
EMC 567/2017 PL678716 => PL 6787/2016;Renata Abreu
EMC 568/2017 PL678716 => PL 6787/2016;Renata Abreu
EMC 569/2017 PL678716 => PL 6787/2016;Renata Abreu
EMC 570/2017 PL678716 => PL 6787/2016;Daniel Almeida
EMC 571/2017 PL678716 => PL 6787/2016;Daniel Almeida
EMC 572/2017 PL678716 => PL 6787/2016;Daniel Almeida
EMC 573/2017 PL678716 => PL 6787/2016;Daniel Almeida
EMC 574/2017 PL678716 => PL 6787/2016;Daniel Almeida
EMC 575/2017 PL678716 => PL 6787/2016;Daniel Almeida
EMC 576/2017 PL678716 => PL 6787/2016;Orlando Silva
EMC 577/2017 PL678716 => PL 6787/2016;Orlando Silva
EMC 578/2017 PL678716 => PL 6787/2016;Orlando Silva
EMC 579/2017 PL678716 => PL 6787/2016;Orlando Silva
EMC 580/2017 PL678716 => PL 6787/2016;Orlando Silva
EMC 581/2017 PL678716 => PL 6787/2016;Orlando Silva
EMC 582/2017 PL678716 => PL 6787/2016;Orlando Silva
EMC 583/2017 PL678716 => PL 6787/2016;Orlando Silva
EMC 584/2017 PL678716 => PL 6787/2016;Alessandro Molon
EMC 585/2017 PL678716 => PL 6787/2016;Alessandro Molon
EMC 586/2017 PL678716 => PL 6787/2016;Alessandro Molon
EMC 587/2017 PL678716 => PL 6787/2016;Alessandro Molon
EMC 588/2017 PL678716 => PL 6787/2016;Alessandro Molon
EMC 589/2017 PL678716 => PL 6787/2016;Alessandro Molon
EMC 590/2017 PL678716 => PL 6787/2016;Alessandro Molon
EMC 591/2017 PL678716 => PL 6787/2016;Alessandro Molon
EMC 592/2017 PL678716 => PL 6787/2016;Christiane de Souza Yared
EMC 593/2017 PL678716 => PL 6787/2016;Wadih Damous
EMC 594/2017 PL678716 => PL 6787/2016;Wadih Damous
EMC 595/2017 PL678716 => PL 6787/2016;Eli Corrêa Filho
EMC 596/2017 PL678716 => PL 6787/2016;Eli Corrêa Filho
EMC 597/2017 PL678716 => PL 6787/2016;Eli Corrêa Filho
EMC 598/2017 PL678716 => PL 6787/2016;Eli Corrêa Filho
EMC 599/2017 PL678716 => PL 6787/2016;Wadih Damous
EMC 600/2017 PL678716 => PL 6787/2016;Wadih Damous
EMC 601/2017 PL678716 => PL 6787/2016;Wadih Damous
EMC 602/2017 PL678716 => PL 6787/2016;Wadih Damous
EMC 603/2017 PL678716 => PL 6787/2016;Wadih Damous
EMC 604/2017 PL678716 => PL 6787/2016;Celso Maldaner
EMC 605/2017 PL678716 => PL 6787/2016;Celso Maldaner
EMC 606/2017 PL678716 => PL 6787/2016;Celso Maldaner
EMC 607/2017 PL678716 => PL 6787/2016;Celso Maldaner
EMC 608/2017 PL678716 => PL 6787/2016;Celso Maldaner
EMC 609/2017 PL678716 => PL 6787/2016;Celso Maldaner
EMC 610/2017 PL678716 => PL 6787/2016;Celso Maldaner
EMC 611/2017 PL678716 => PL 6787/2016;Celso Maldaner
EMC 612/2017 PL678716 => PL 6787/2016;Celso Maldaner
EMC 613/2017 PL678716 => PL 6787/2016;Celso Maldaner
EMC 614/2017 PL678716 => PL 6787/2016;Celso Maldaner
EMC 615/2017 PL678716 => PL 6787/2016;Celso Maldaner
EMC 616/2017 PL678716 => PL 6787/2016;Celso Maldaner
EMC 617/2017 PL678716 => PL 6787/2016;Celso Maldaner
EMC 618/2017 PL678716 => PL 6787/2016;Celso Maldaner
EMC 619/2017 PL678716 => PL 6787/2016;Celso Maldaner
EMC 620/2017 PL678716 => PL 6787/2016;Paulo Abi-Ackel
EMC 621/2017 PL678716 => PL 6787/2016;Paulo Abi-Ackel
EMC 622/2017 PL678716 => PL 6787/2016;Paulo Abi-Ackel
EMC 623/2017 PL678716 => PL 6787/2016;Paulo Abi-Ackel
EMC 624/2017 PL678716 => PL 6787/2016;Paulo Abi-Ackel
EMC 625/2017 PL678716 => PL 6787/2016;Paulo Abi-Ackel
EMC 626/2017 PL678716 => PL 6787/2016;Paulo Abi-Ackel
EMC 627/2017 PL678716 => PL 6787/2016;Paulo Abi-Ackel
EMC 628/2017 PL678716 => PL 6787/2016;Alceu Moreira
EMC 629/2017 PL678716 => PL 6787/2016;Jerônimo Goergen
EMC 630/2017 PL678716 => PL 6787/2016;José Carlos Aleluia
EMC 631/2017 PL678716 => PL 6787/2016;José Carlos Aleluia
EMC 632/2017 PL678716 => PL 6787/2016;José Carlos Aleluia
EMC 633/2017 PL678716 => PL 6787/2016;José Carlos Aleluia
EMC 634/2017 PL678716 => PL 6787/2016;José Carlos Aleluia
EMC 635/2017 PL678716 => PL 6787/2016;José Carlos Aleluia
EMC 636/2017 PL678716 => PL 6787/2016;José Carlos Aleluia
EMC 637/2017 PL678716 => PL 6787/2016;José Carlos Aleluia
EMC 638/2017 PL678716 => PL 6787/2016;José Carlos Aleluia
EMC 639/2017 PL678716 => PL 6787/2016;José Carlos Aleluia
EMC 640/2017 PL678716 => PL 6787/2016;José Carlos Aleluia
EMC 641/2017 PL678716 => PL 6787/2016;José Carlos Aleluia
EMC 642/2017 PL678716 => PL 6787/2016;José Carlos Aleluia
EMC 643/2017 PL678716 => PL 6787/2016;José Carlos Aleluia
EMC 644/2017 PL678716 => PL 6787/2016;José Carlos Aleluia
EMC 645/2017 PL678716 => PL 6787/2016;José Carlos Aleluia
EMC 646/2017 PL678716 => PL 6787/2016;José Carlos Aleluia
EMC 647/2017 PL678716 => PL 6787/2016;José Carlos Aleluia
EMC 648/2017 PL678716 => PL 6787/2016;José Carlos Aleluia
EMC 649/2017 PL678716 => PL 6787/2016;José Carlos Aleluia
EMC 650/2017 PL678716 => PL 6787/2016;José Carlos Aleluia
EMC 651/2017 PL678716 => PL 6787/2016;Zé Silva
EMC 652/2017 PL678716 => PL 6787/2016;Zé Silva
EMC 653/2017 PL678716 => PL 6787/2016;Zé Silva
EMC 654/2017 PL678716 => PL 6787/2016;Zé Silva
EMC 655/2017 PL678716 => PL 6787/2016;Zé Silva
EMC 656/2017 PL678716 => PL 6787/2016;Zé Silva
EMC 657/2017 PL678716 => PL 6787/2016;Zé Silva
EMC 658/2017 PL678716 => PL 6787/2016;Alessandro Molon
EMC 659/2017 PL678716 => PL 6787/2016;Laercio Oliveira
EMC 660/2017 PL678716 => PL 6787/2016;Laercio Oliveira
EMC 661/2017 PL678716 => PL 6787/2016;Nelson Marquezelli
EMC 662/2017 PL678716 => PL 6787/2016;Nelson Marquezelli
EMC 663/2017 PL678716 => PL 6787/2016;Nelson Marquezelli
EMC 664/2017 PL678716 => PL 6787/2016;Wadih Damous
EMC 665/2017 PL678716 => PL 6787/2016;Wadih Damous
EMC 666/2017 PL678716 => PL 6787/2016;Valdir Colatto
EMC 667/2017 PL678716 => PL 6787/2016;Valdir Colatto
EMC 668/2017 PL678716 => PL 6787/2016;Valdir Colatto
EMC 669/2017 PL678716 => PL 6787/2016;Valdir Colatto
EMC 670/2017 PL678716 => PL 6787/2016;Valdir Colatto
EMC 671/2017 PL678716 => PL 6787/2016;Valdir Colatto
EMC 672/2017 PL678716 => PL 6787/2016;Valdir Colatto
EMC 673/2017 PL678716 => PL 6787/2016;Valdir Colatto
EMC 674/2017 PL678716 => PL 6787/2016;Valdir Colatto
EMC 675/2017 PL678716 => PL 6787/2016;Valdir Colatto
EMC 676/2017 PL678716 => PL 6787/2016;Valdir Colatto
EMC 677/2017 PL678716 => PL 6787/2016;Valdir Colatto
EMC 678/2017 PL678716 => PL 6787/2016;Valdir Colatto
EMC 679/2017 PL678716 => PL 6787/2016;Valdir Colatto
EMC 680/2017 PL678716 => PL 6787/2016;Valdir Colatto
EMC 681/2017 PL678716 => PL 6787/2016;Valdir Colatto
EMC 682/2017 PL678716 => PL 6787/2016;Julio Lopes
EMC 683/2017 PL678716 => PL 6787/2016;Julio Lopes
EMC 684/2017 PL678716 => PL 6787/2016;Nelson Padovani
EMC 685/2017 PL678716 => PL 6787/2016;Aureo
EMC 686/2017 PL678716 => PL 6787/2016;Aureo
EMC 687/2017 PL678716 => PL 6787/2016;Aureo
EMC 688/2017 PL678716 => PL 6787/2016;Vitor Lippi
EMC 689/2017 PL678716 => PL 6787/2016;Vitor Lippi
EMC 690/2017 PL678716 => PL 6787/2016;Vitor Lippi
EMC 691/2017 PL678716 => PL 6787/2016;Vitor Lippi
EMC 692/2017 PL678716 => PL 6787/2016;Vitor Lippi
EMC 693/2017 PL678716 => PL 6787/2016;Vitor Lippi
EMC 694/2017 PL678716 => PL 6787/2016;Vitor Lippi
EMC 695/2017 PL678716 => PL 6787/2016;Domingos Sávio
EMC 696/2017 PL678716 => PL 6787/2016;Domingos Sávio
EMC 697/2017 PL678716 => PL 6787/2016;Domingos Sávio
EMC 698/2017 PL678716 => PL 6787/2016;Alfredo Kaefer
EMC 699/2017 PL678716 => PL 6787/2016;Alfredo Kaefer
EMC 700/2017 PL678716 => PL 6787/2016;Alfredo Kaefer
EMC 701/2017 PL678716 => PL 6787/2016;Alfredo Kaefer
EMC 702/2017 PL678716 => PL 6787/2016;Alfredo Kaefer
EMC 703/2017 PL678716 => PL 6787/2016;Alfredo Kaefer
EMC 704/2017 PL678716 => PL 6787/2016;Alfredo Kaefer
EMC 705/2017 PL678716 => PL 6787/2016;Alfredo Kaefer
EMC 706/2017 PL678716 => PL 6787/2016;Alfredo Kaefer
EMC 707/2017 PL678716 => PL 6787/2016;Alfredo Kaefer
EMC 708/2017 PL678716 => PL 6787/2016;Alfredo Kaefer
EMC 709/2017 PL678716 => PL 6787/2016;Alfredo Kaefer
EMC 710/2017 PL678716 => PL 6787/2016;Alfredo Kaefer
EMC 711/2017 PL678716 => PL 6787/2016;Alfredo Kaefer
EMC 712/2017 PL678716 => PL 6787/2016;Alfredo Kaefer
EMC 713/2017 PL678716 => PL 6787/2016;Alfredo Kaefer
EMC 714/2017 PL678716 => PL 6787/2016;Nelson Marquezelli
EMC 715/2017 PL678716 => PL 6787/2016;Gorete Pereira
EMC 716/2017 PL678716 => PL 6787/2016;Gorete Pereira
EMC 717/2017 PL678716 => PL 6787/2016;Gorete Pereira
EMC 718/2017 PL678716 => PL 6787/2016;Gorete Pereira
EMC 719/2017 PL678716 => PL 6787/2016;Gorete Pereira
EMC 720/2017 PL678716 => PL 6787/2016;Gorete Pereira
EMC 721/2017 PL678716 => PL 6787/2016;Gorete Pereira
EMC 722/2017 PL678716 => PL 6787/2016;Gorete Pereira
EMC 723/2017 PL678716 => PL 6787/2016;Carlos Zarattini
EMC 724/2017 PL678716 => PL 6787/2016;Carlos Zarattini
EMC 725/2017 PL678716 => PL 6787/2016;Carlos Zarattini
EMC 726/2017 PL678716 => PL 6787/2016;Carlos Zarattini
EMC 727/2017 PL678716 => PL 6787/2016;Carlos Zarattini
EMC 728/2017 PL678716 => PL 6787/2016;Carlos Zarattini
EMC 729/2017 PL678716 => PL 6787/2016;Carlos Zarattini
EMC 730/2017 PL678716 => PL 6787/2016;Carlos Zarattini
EMC 731/2017 PL678716 => PL 6787/2016;Carlos Zarattini
EMC 732/2017 PL678716 => PL 6787/2016;Carlos Zarattini
EMC 733/2017 PL678716 => PL 6787/2016;Carlos Zarattini
EMC 734/2017 PL678716 => PL 6787/2016;Carlos Zarattini
EMC 735/2017 PL678716 => PL 6787/2016;Alfredo Kaefer
EMC 736/2017 PL678716 => PL 6787/2016;Arnaldo Jordy
EMC 737/2017 PL678716 => PL 6787/2016;Arnaldo Jordy
EMC 738/2017 PL678716 => PL 6787/2016;Arnaldo Jordy
EMC 739/2017 PL678716 => PL 6787/2016;Arnaldo Jordy
EMC 740/2017 PL678716 => PL 6787/2016;Arnaldo Jordy
EMC 741/2017 PL678716 => PL 6787/2016;Arnaldo Jordy
EMC 742/2017 PL678716 => PL 6787/2016;Arnaldo Jordy
EMC 743/2017 PL678716 => PL 6787/2016;Arnaldo Jordy
EMC 744/2017 PL678716 => PL 6787/2016;Arnaldo Jordy
EMC 745/2017 PL678716 => PL 6787/2016;Arnaldo Jordy
EMC 746/2017 PL678716 => PL 6787/2016;Arnaldo Jordy
EMC 747/2017 PL678716 => PL 6787/2016;Arnaldo Jordy
EMC 748/2017 PL678716 => PL 6787/2016;Evandro Roman
EMC 749/2017 PL678716 => PL 6787/2016;Evandro Roman
EMC 750/2017 PL678716 => PL 6787/2016;Evandro Roman
EMC 751/2017 PL678716 => PL 6787/2016;Evandro Roman
EMC 752/2017 PL678716 => PL 6787/2016;Evandro Roman
EMC 753/2017 PL678716 => PL 6787/2016;Evandro Roman
EMC 754/2017 PL678716 => PL 6787/2016;Evandro Roman
EMC 755/2017 PL678716 => PL 6787/2016;Evandro Roman
EMC 756/2017 PL678716 => PL 6787/2016;Evandro Roman
EMC 757/2017 PL678716 => PL 6787/2016;Evandro Roman
EMC 758/2017 PL678716 => PL 6787/2016;Gorete Pereira
EMC 759/2017 PL678716 => PL 6787/2016;Mauro Lopes
EMC 760/2017 PL678716 => PL 6787/2016;Mauro Lopes
EMC 761/2017 PL678716 => PL 6787/2016;Wellington Roberto
EMC 762/2017 PL678716 => PL 6787/2016;Wellington Roberto
EMC 763/2017 PL678716 => PL 6787/2016;Wellington Roberto
EMC 764/2017 PL678716 => PL 6787/2016;Wellington Roberto
EMC 765/2017 PL678716 => PL 6787/2016;Wellington Roberto
EMC 766/2017 PL678716 => PL 6787/2016;Wellington Roberto
EMC 767/2017 PL678716 => PL 6787/2016;Wellington Roberto
EMC 768/2017 PL678716 => PL 6787/2016;Wellington Roberto
EMC 769/2017 PL678716 => PL 6787/2016;Orlando Silva
EMC 770/2017 PL678716 => PL 6787/2016;Orlando Silva
EMC 771/2017 PL678716 => PL 6787/2016;Orlando Silva
EMC 772/2017 PL678716 => PL 6787/2016;Orlando Silva
EMC 773/2017 PL678716 => PL 6787/2016;José Guimarães
EMC 774/2017 PL678716 => PL 6787/2016;José Guimarães
EMC 775/2017 PL678716 => PL 6787/2016;José Guimarães
EMC 776/2017 PL678716 => PL 6787/2016;Laercio Oliveira
EMC 777/2017 PL678716 => PL 6787/2016;Laercio Oliveira
EMC 778/2017 PL678716 => PL 6787/2016;Laercio Oliveira
EMC 779/2017 PL678716 => PL 6787/2016;Laercio Oliveira
EMC 780/2017 PL678716 => PL 6787/2016;Laura Carneiro
EMC 781/2017 PL678716 => PL 6787/2016;Laura Carneiro
EMC 782/2017 PL678716 => PL 6787/2016;Laura Carneiro
EMC 783/2017 PL678716 => PL 6787/2016;Laura Carneiro
EMC 784/2017 PL678716 => PL 6787/2016;Laura Carneiro
EMC 785/2017 PL678716 => PL 6787/2016;Laura Carneiro
EMC 786/2017 PL678716 => PL 6787/2016;Laura Carneiro
EMC 787/2017 PL678716 => PL 6787/2016;Laura Carneiro
EMC 788/2017 PL678716 => PL 6787/2016;Laura Carneiro
EMC 789/2017 PL678716 => PL 6787/2016;Laura Carneiro
EMC 790/2017 PL678716 => PL 6787/2016;Laura Carneiro
EMC 791/2017 PL678716 => PL 6787/2016;Laura Carneiro
EMC 792/2017 PL678716 => PL 6787/2016;Laura Carneiro
EMC 793/2017 PL678716 => PL 6787/2016;Laura Carneiro
EMC 794/2017 PL678716 => PL 6787/2016;Laura Carneiro
EMC 795/2017 PL678716 => PL 6787/2016;Laura Carneiro
EMC 796/2017 PL678716 => PL 6787/2016;Laura Carneiro
EMC 797/2017 PL678716 => PL 6787/2016;Laura Carneiro
EMC 798/2017 PL678716 => PL 6787/2016;Laura Carneiro
EMC 799/2017 PL678716 => PL 6787/2016;Laura Carneiro
EMC 800/2017 PL678716 => PL 6787/2016;Rômulo Gouveia
EMC 801/2017 PL678716 => PL 6787/2016;Rômulo Gouveia
EMC 802/2017 PL678716 => PL 6787/2016;Rômulo Gouveia
EMC 803/2017 PL678716 => PL 6787/2016;Rômulo Gouveia
EMC 804/2017 PL678716 => PL 6787/2016;Rômulo Gouveia
EMC 805/2017 PL678716 => PL 6787/2016;Rômulo Gouveia
EMC 806/2017 PL678716 => PL 6787/2016;Rômulo Gouveia
EMC 807/2017 PL678716 => PL 6787/2016;Rômulo Gouveia
EMC 808/2017 PL678716 => PL 6787/2016;Rômulo Gouveia
EMC 809/2017 PL678716 => PL 6787/2016;Rômulo Gouveia
EMC 810/2017 PL678716 => PL 6787/2016;Rômulo Gouveia
EMC 811/2017 PL678716 => PL 6787/2016;Rômulo Gouveia
EMC 812/2017 PL678716 => PL 6787/2016;Rômulo Gouveia
EMC 813/2017 PL678716 => PL 6787/2016;Rômulo Gouveia
EMC 814/2017 PL678716 => PL 6787/2016;Rômulo Gouveia
EMC 815/2017 PL678716 => PL 6787/2016;Rômulo Gouveia
EMC 816/2017 PL678716 => PL 6787/2016;Rômulo Gouveia
EMC 817/2017 PL678716 => PL 6787/2016;Rômulo Gouveia
EMC 818/2017 PL678716 => PL 6787/2016;Rômulo Gouveia
EMC 819/2017 PL678716 => PL 6787/2016;Rômulo Gouveia
EMC 820/2017 PL678716 => PL 6787/2016;Rômulo Gouveia
EMC 821/2017 PL678716 => PL 6787/2016;Rômulo Gouveia
EMC 822/2017 PL678716 => PL 6787/2016;Rômulo Gouveia
EMC 823/2017 PL678716 => PL 6787/2016;Rômulo Gouveia
EMC 824/2017 PL678716 => PL 6787/2016;Rômulo Gouveia
EMC 825/2017 PL678716 => PL 6787/2016;Rômulo Gouveia
EMC 826/2017 PL678716 => PL 6787/2016;Rômulo Gouveia
EMC 827/2017 PL678716 => PL 6787/2016;Benjamin Maranhão
EMC 828/2017 PL678716 => PL 6787/2016;Benjamin Maranhão
EMC 829/2017 PL678716 => PL 6787/2016;João Carlos Bacelar
EMC 830/2017 PL678716 => PL 6787/2016;João Carlos Bacelar
EMC 831/2017 PL678716 => PL 6787/2016;André Figueiredo
EMC 832/2017 PL678716 => PL 6787/2016;Mauro Pereira
EMC 833/2017 PL678716 => PL 6787/2016;Arnaldo Jordy
EMC 834/2017 PL678716 => PL 6787/2016;Major Olimpio
EMC 835/2017 PL678716 => PL 6787/2016;Major Olimpio
EMC 836/2017 PL678716 => PL 6787/2016;Major Olimpio
EMC 837/2017 PL678716 => PL 6787/2016;Marcos Soares
EMC 838/2017 PL678716 => PL 6787/2016;Lelo Coimbra
EMC 839/2017 PL678716 => PL 6787/2016;Lelo Coimbra
EMC 840/2017 PL678716 => PL 6787/2016;Lelo Coimbra
EMC 841/2017 PL678716 => PL 6787/2016;Lelo Coimbra
EMC 842/2017 PL678716 => PL 6787/2016;Lelo Coimbra
EMC 843/2017 PL678716 => PL 6787/2016;Lelo Coimbra
EMC 844/2017 PL678716 => PL 6787/2016;Lelo Coimbra
EMC 845/2017 PL678716 => PL 6787/2016;Lelo Coimbra
EMC 846/2017 PL678716 => PL 6787/2016;Lelo Coimbra
EMC 847/2017 PL678716 => PL 6787/2016;Lelo Coimbra
EMC 848/2017 PL678716 => PL 6787/2016;Valdir Colatto
EMC 849/2017 PL678716 => PL 6787/2016;Célio Silveira
EMC 850/2017 PL678716 => PL 6787/2016;Jerônimo Goergen
ESB 1 PL678716 => SBT 1 PL678716 => PL 6787/2016;Paulo Pereira da Silva
ESB 2 PL678716 => SBT 1 PL678716 => PL 6787/2016;Gorete Pereira
ESB 3 PL678716 => SBT 1 PL678716 => PL 6787/2016;Gorete Pereira
ESB 4 PL678716 => SBT 1 PL678716 => PL 6787/2016;Gorete Pereira
ESB 5 PL678716 => SBT 1 PL678716 => PL 6787/2016;Gorete Pereira
ESB 6 PL678716 => SBT 1 PL678716 => PL 6787/2016;Gorete Pereira
ESB 7 PL678716 => SBT 1 PL678716 => PL 6787/2016;Gorete Pereira
ESB 8 PL678716 => SBT 1 PL678716 => PL 6787/2016;Gorete Pereira
ESB 9 PL678716 => SBT 1 PL678716 => PL 6787/2016;Gorete Pereira
ESB 10 PL678716 => SBT 1 PL678716 => PL 6787/2016;Gorete Pereira
ESB 11 PL678716 => SBT 1 PL678716 => PL 6787/2016;Gorete Pereira
ESB 12 PL678716 => SBT 1 PL678716 => PL 6787/2016;Gorete Pereira
ESB 13 PL678716 => SBT 1 PL678716 => PL 6787/2016;Benedita da Silva
ESB 14 PL678716 => SBT 1 PL678716 => PL 6787/2016;Benedita da Silva
ESB 15 PL678716 => SBT 1 PL678716 => PL 6787/2016;Benedita da Silva
ESB 16 PL678716 => SBT 1 PL678716 => PL 6787/2016;Benedita da Silva
ESB 17 PL678716 => SBT 1 PL678716 => PL 6787/2016;Benedita da Silva
ESB 18 PL678716 => SBT 1 PL678716 => PL 6787/2016;Benedita da Silva
ESB 19 PL678716 => SBT 1 PL678716 => PL 6787/2016;Benedita da Silva
ESB 20 PL678716 => SBT 1 PL678716 => PL 6787/2016;Benedita da Silva
ESB 21 PL678716 => SBT 1 PL678716 => PL 6787/2016;Jerônimo Goergen
ESB 22 PL678716 => SBT 1 PL678716 => PL 6787/2016;Jerônimo Goergen
ESB 23 PL678716 => SBT 1 PL678716 => PL 6787/2016;Jerônimo Goergen
ESB 24 PL678716 => SBT 1 PL678716 => PL 6787/2016;Jerônimo Goergen
ESB 25 PL678716 => SBT 1 PL678716 => PL 6787/2016;Jerônimo Goergen
ESB 26 PL678716 => SBT 1 PL678716 => PL 6787/2016;Jerônimo Goergen
ESB 27 PL678716 => SBT 1 PL678716 => PL 6787/2016;Jerônimo Goergen
ESB 28 PL678716 => SBT 1 PL678716 => PL 6787/2016;Jerônimo Goergen
ESB 29 PL678716 => SBT 1 PL678716 => PL 6787/2016;Assis Melo
ESB 30 PL678716 => SBT 1 PL678716 => PL 6787/2016;Gorete Pereira
ESB 31 PL678716 => SBT 1 PL678716 => PL 6787/2016;Gorete Pereira
ESB 32 PL678716 => SBT 1 PL678716 => PL 6787/2016;Gorete Pereira
ESB 33 PL678716 => SBT 1 PL678716 => PL 6787/2016;Gorete Pereira
ESB 34 PL678716 => SBT 1 PL678716 => PL 6787/2016;Gorete Pereira
ESB 35 PL678716 => SBT 1 PL678716 => PL 6787/2016;Paes Landim
ESB 36 PL678716 => SBT 1 PL678716 => PL 6787/2016;Paes Landim
ESB 37 PL678716 => SBT 1 PL678716 => PL 6787/2016;Paes Landim
ESB 38 PL678716 => SBT 1 PL678716 => PL 6787/2016;Paes Landim
ESB 39 PL678716 => SBT 1 PL678716 => PL 6787/2016;Orlando Silva
ESB 40 PL678716 => SBT 1 PL678716 => PL 6787/2016;Orlando Silva
ESB 41 PL678716 => SBT 1 PL678716 => PL 6787/2016;Orlando Silva
ESB 42 PL678716 => SBT 1 PL678716 => PL 6787/2016;Orlando Silva
ESB 43 PL678716 => SBT 1 PL678716 => PL 6787/2016;Laura Carneiro
ESB 44 PL678716 => SBT 1 PL678716 => PL 6787/2016;Laura Carneiro
ESB 45 PL678716 => SBT 1 PL678716 => PL 6787/2016;Laura Carneiro
ESB 46 PL678716 => SBT 1 PL678716 => PL 6787/2016;Laura Carneiro
ESB 47 PL678716 => SBT 1 PL678716 => PL 6787/2016;Laura Carneiro
ESB 48 PL678716 => SBT 1 PL678716 => PL 6787/2016;Laura Carneiro
ESB 49 PL678716 => SBT 1 PL678716 => PL 6787/2016;Laura Carneiro
ESB 50 PL678716 => SBT 1 PL678716 => PL 6787/2016;Laura Carneiro
ESB 51 PL678716 => SBT 1 PL678716 => PL 6787/2016;Laura Carneiro
ESB 52 PL678716 => SBT 1 PL678716 => PL 6787/2016;Laura Carneiro
ESB 53 PL678716 => SBT 1 PL678716 => PL 6787/2016;Laura Carneiro
ESB 54 PL678716 => SBT 1 PL678716 => PL 6787/2016;Laura Carneiro
ESB 55 PL678716 => SBT 1 PL678716 => PL 6787/2016;Laura Carneiro
ESB 56 PL678716 => SBT 1 PL678716 => PL 6787/2016;Laura Carneiro
ESB 57 PL678716 => SBT 1 PL678716 => PL 6787/2016;Laura Carneiro
ESB 58 PL678716 => SBT 1 PL678716 => PL 6787/2016;Laura Carneiro
ESB 59 PL678716 => SBT 1 PL678716 => PL 6787/2016;Laura Carneiro
ESB 60 PL678716 => SBT 1 PL678716 => PL 6787/2016;Laura Carneiro
ESB 61 PL678716 => SBT 1 PL678716 => PL 6787/2016;Laura Carneiro
ESB 62 PL678716 => SBT 1 PL678716 => PL 6787/2016;Laura Carneiro
ESB 63 PL678716 => SBT 1 PL678716 => PL 6787/2016;Laura Carneiro
ESB 64 PL678716 => SBT 1 PL678716 => PL 6787/2016;Laura Carneiro
ESB 65 PL678716 => SBT 1 PL678716 => PL 6787/2016;Laura Carneiro
ESB 66 PL678716 => SBT 1 PL678716 => PL 6787/2016;Laura Carneiro
ESB 67 PL678716 => SBT 1 PL678716 => PL 6787/2016;Laura Carneiro
ESB 68 PL678716 => SBT 1 PL678716 => PL 6787/2016;Laura Carneiro
ESB 69 PL678716 => SBT 1 PL678716 => PL 6787/2016;Laura Carneiro
ESB 70 PL678716 => SBT 1 PL678716 => PL 6787/2016;Laura Carneiro
ESB 71 PL678716 => SBT 1 PL678716 => PL 6787/2016;Laura Carneiro
ESB 72 PL678716 => SBT 1 PL678716 => PL 6787/2016;Laura Carneiro
ESB 73 PL678716 => SBT 1 PL678716 => PL 6787/2016;Laura Carneiro
ESB 74 PL678716 => SBT 1 PL678716 => PL 6787/2016;Laura Carneiro
ESB 75 PL678716 => SBT 1 PL678716 => PL 6787/2016;Laura Carneiro
ESB 76 PL678716 => SBT 1 PL678716 => PL 6787/2016;Laura Carneiro
ESB 77 PL678716 => SBT 1 PL678716 => PL 6787/2016;Laura Carneiro
ESB 78 PL678716 => SBT 1 PL678716 => PL 6787/2016;Laura Carneiro
ESB 79 PL678716 => SBT 1 PL678716 => PL 6787/2016;Laura Carneiro
ESB 80 PL678716 => SBT 1 PL678716 => PL 6787/2016;Laura Carneiro
ESB 81 PL678716 => SBT 1 PL678716 => PL 6787/2016;Laura Carneiro
ESB 82 PL678716 => SBT 1 PL678716 => PL 6787/2016;Laura Carneiro
ESB 83 PL678716 => SBT 1 PL678716 => PL 6787/2016;Laura Carneiro
ESB 84 PL678716 => SBT 1 PL678716 => PL 6787/2016;Laura Carneiro
ESB 85 PL678716 => SBT 1 PL678716 => PL 6787/2016;Laura Carneiro
ESB 86 PL678716 => SBT 1 PL678716 => PL 6787/2016;Laura Carneiro
ESB 87 PL678716 => SBT 1 PL678716 => PL 6787/2016;Laura Carneiro
ESB 88 PL678716 => SBT 1 PL678716 => PL 6787/2016;Laura Carneiro
ESB 89 PL678716 => SBT 1 PL678716 => PL 6787/2016;Antonio Bulhões
ESB 90 PL678716 => SBT 1 PL678716 => PL 6787/2016;Antonio Bulhões
ESB 91 PL678716 => SBT 1 PL678716 => PL 6787/2016;Antonio Bulhões
ESB 92 PL678716 => SBT 1 PL678716 => PL 6787/2016;Antonio Bulhões
ESB 93 PL678716 => SBT 1 PL678716 => PL 6787/2016;Antonio Bulhões
ESB 94 PL678716 => SBT 1 PL678716 => PL 6787/2016;Antonio Bulhões
ESB 95 PL678716 => SBT 1 PL678716 => PL 6787/2016;Laercio Oliveira
ESB 96 PL678716 => SBT 1 PL678716 => PL 6787/2016;Laercio Oliveira
ESB 97 PL678716 => SBT 1 PL678716 => PL 6787/2016;Laercio Oliveira
ESB 98 PL678716 => SBT 1 PL678716 => PL 6787/2016;Laercio Oliveira
ESB 99 PL678716 => SBT 1 PL678716 => PL 6787/2016;Laercio Oliveira
ESB 100 PL678716 => SBT 1 PL678716 => PL 6787/2016;Laercio Oliveira
ESB 101 PL678716 => SBT 1 PL678716 => PL 6787/2016;Laercio Oliveira
ESB 102 PL678716 => SBT 1 PL678716 => PL 6787/2016;Laercio Oliveira
ESB 103 PL678716 => SBT 1 PL678716 => PL 6787/2016;Laercio Oliveira
ESB 104 PL678716 => SBT 1 PL678716 => PL 6787/2016;Laercio Oliveira
ESB 105 PL678716 => SBT 1 PL678716 => PL 6787/2016;Laercio Oliveira
ESB 106 PL678716 => SBT 1 PL678716 => PL 6787/2016;Laercio Oliveira
ESB 107 PL678716 => SBT 1 PL678716 => PL 6787/2016;Laercio Oliveira
ESB 108 PL678716 => SBT 1 PL678716 => PL 6787/2016;Laercio Oliveira
ESB 109 PL678716 => SBT 1 PL678716 => PL 6787/2016;Laercio Oliveira
ESB 110 PL678716 => SBT 1 PL678716 => PL 6787/2016;Laercio Oliveira
ESB 111 PL678716 => SBT 1 PL678716 => PL 6787/2016;Laercio Oliveira
ESB 112 PL678716 => SBT 1 PL678716 => PL 6787/2016;Laercio Oliveira
ESB 113 PL678716 => SBT 1 PL678716 => PL 6787/2016;Laercio Oliveira
ESB 114 PL678716 => SBT 1 PL678716 => PL 6787/2016;Laercio Oliveira
ESB 115 PL678716 => SBT 1 PL678716 => PL 6787/2016;Laercio Oliveira
ESB 116 PL678716 => SBT 1 PL678716 => PL 6787/2016;Laercio Oliveira
ESB 117 PL678716 => SBT 1 PL678716 => PL 6787/2016;Laercio Oliveira
ESB 118 PL678716 => SBT 1 PL678716 => PL 6787/2016;Laercio Oliveira
ESB 119 PL678716 => SBT 1 PL678716 => PL 6787/2016;Laercio Oliveira
ESB 120 PL678716 => SBT 1 PL678716 => PL 6787/2016;Arnaldo Jordy
ESB 121 PL678716 => SBT 1 PL678716 => PL 6787/2016;Arnaldo Jordy
ESB 122 PL678716 => SBT 1 PL678716 => PL 6787/2016;Arnaldo Jordy
ESB 123 PL678716 => SBT 1 PL678716 => PL 6787/2016;Arnaldo Jordy
ESB 124 PL678716 => SBT 1 PL678716 => PL 6787/2016;Arnaldo Jordy
ESB 125 PL678716 => SBT 1 PL678716 => PL 6787/2016;Arnaldo Jordy
ESB 126 PL678716 => SBT 1 PL678716 => PL 6787/2016;Arnaldo Jordy
ESB 127 PL678716 => SBT 1 PL678716 => PL 6787/2016;Arnaldo Jordy
ESB 128 PL678716 => SBT 1 PL678716 => PL 6787/2016;Arnaldo Jordy
ESB 129 PL678716 => SBT 1 PL678716 => PL 6787/2016;Arnaldo Jordy
ESB 130 PL678716 => SBT 1 PL678716 => PL 6787/2016;Arnaldo Jordy
ESB 131 PL678716 => SBT 1 PL678716 => PL 6787/2016;Arnaldo Jordy
ESB 132 PL678716 => SBT 1 PL678716 => PL 6787/2016;Arnaldo Jordy
ESB 133 PL678716 => SBT 1 PL678716 => PL 6787/2016;Arnaldo Jordy
ESB 134 PL678716 => SBT 1 PL678716 => PL 6787/2016;Arnaldo Jordy
ESB 135 PL678716 => SBT 1 PL678716 => PL 6787/2016;Arnaldo Jordy
ESB 136 PL678716 => SBT 1 PL678716 => PL 6787/2016;Arnaldo Jordy
ESB 137 PL678716 => SBT 1 PL678716 => PL 6787/2016;Arnaldo Jordy
ESB 138 PL678716 => SBT 1 PL678716 => PL 6787/2016;Arnaldo Jordy
ESB 139 PL678716 => SBT 1 PL678716 => PL 6787/2016;Roberto Sales
ESB 140 PL678716 => SBT 1 PL678716 => PL 6787/2016;Gorete Pereira
ESB 141 PL678716 => SBT 1 PL678716 => PL 6787/2016;Gorete Pereira
ESB 142 PL678716 => SBT 1 PL678716 => PL 6787/2016;Gorete Pereira
ESB 143 PL678716 => SBT 1 PL678716 => PL 6787/2016;Gorete Pereira
ESB 144 PL678716 => SBT 1 PL678716 => PL 6787/2016;Gorete Pereira
ESB 145 PL678716 => SBT 1 PL678716 => PL 6787/2016;Gorete Pereira
ESB 146 PL678716 => SBT 1 PL678716 => PL 6787/2016;Gorete Pereira
ESB 147 PL678716 => SBT 1 PL678716 => PL 6787/2016;Gorete Pereira
ESB 148 PL678716 => SBT 1 PL678716 => PL 6787/2016;Celso Maldaner
ESB 149 PL678716 => SBT 1 PL678716 => PL 6787/2016;Nelson Marquezelli
ESB 150 PL678716 => SBT 1 PL678716 => PL 6787/2016;Nelson Marquezelli
ESB 151 PL678716 => SBT 1 PL678716 => PL 6787/2016;Nelson Marquezelli
ESB 152 PL678716 => SBT 1 PL678716 => PL 6787/2016;Nelson Marquezelli
ESB 153 PL678716 => SBT 1 PL678716 => PL 6787/2016;Goulart
ESB 154 PL678716 => SBT 1 PL678716 => PL 6787/2016;Goulart
ESB 155 PL678716 => SBT 1 PL678716 => PL 6787/2016;Goulart
ESB 156 PL678716 => SBT 1 PL678716 => PL 6787/2016;Covatti Filho
ESB 157 PL678716 => SBT 1 PL678716 => PL 6787/2016;Laercio Oliveira
ESB 158 PL678716 => SBT 1 PL678716 => PL 6787/2016;Laercio Oliveira
ESB 159 PL678716 => SBT 1 PL678716 => PL 6787/2016;Laercio Oliveira
ESB 160 PL678716 => SBT 1 PL678716 => PL 6787/2016;Valdir Colatto
ESB 161 PL678716 => SBT 1 PL678716 => PL 6787/2016;Valdir Colatto
ESB 162 PL678716 => SBT 1 PL678716 => PL 6787/2016;Valdir Colatto
ESB 163 PL678716 => SBT 1 PL678716 => PL 6787/2016;Valdir Colatto
ESB 164 PL678716 => SBT 1 PL678716 => PL 6787/2016;Valdir Colatto
ESB 165 PL678716 => SBT 1 PL678716 => PL 6787/2016;Valdir Colatto
ESB 166 PL678716 => SBT 1 PL678716 => PL 6787/2016;Assis Melo
ESB 167 PL678716 => SBT 1 PL678716 => PL 6787/2016;Assis Melo
ESB 168 PL678716 => SBT 1 PL678716 => PL 6787/2016;Assis Melo
ESB 169 PL678716 => SBT 1 PL678716 => PL 6787/2016;Assis Melo
ESB 170 PL678716 => SBT 1 PL678716 => PL 6787/2016;Assis Melo
ESB 171 PL678716 => SBT 1 PL678716 => PL 6787/2016;Assis Melo
ESB 172 PL678716 => SBT 1 PL678716 => PL 6787/2016;Valdir Colatto
ESB 173 PL678716 => SBT 1 PL678716 => PL 6787/2016;Valdir Colatto
ESB 174 PL678716 => SBT 1 PL678716 => PL 6787/2016;Valdir Colatto
ESB 175 PL678716 => SBT 1 PL678716 => PL 6787/2016;Renata Abreu
ESB 176 PL678716 => SBT 1 PL678716 => PL 6787/2016;Paulo Pereira da Silva
ESB 177 PL678716 => SBT 1 PL678716 => PL 6787/2016;Paulo Pereira da Silva
ESB 178 PL678716 => SBT 1 PL678716 => PL 6787/2016;Paulo Pereira da Silva
ESB 179 PL678716 => SBT 1 PL678716 => PL 6787/2016;Paulo Pereira da Silva
ESB 180 PL678716 => SBT 1 PL678716 => PL 6787/2016;Patrus Ananias
ESB 181 PL678716 => SBT 1 PL678716 => PL 6787/2016;Patrus Ananias
ESB 182 PL678716 => SBT 1 PL678716 => PL 6787/2016;Patrus Ananias
ESB 183 PL678716 => SBT 1 PL678716 => PL 6787/2016;Hissa Abrahão
ESB 184 PL678716 => SBT 1 PL678716 => PL 6787/2016;Hissa Abrahão
ESB 185 PL678716 => SBT 1 PL678716 => PL 6787/2016;Hissa Abrahão
ESB 186 PL678716 => SBT 1 PL678716 => PL 6787/2016;Hissa Abrahão
ESB 187 PL678716 => SBT 1 PL678716 => PL 6787/2016;Hissa Abrahão
ESB 188 PL678716 => SBT 1 PL678716 => PL 6787/2016;Hissa Abrahão
ESB 189 PL678716 => SBT 1 PL678716 => PL 6787/2016;Hissa Abrahão
ESB 190 PL678716 => SBT 1 PL678716 => PL 6787/2016;Hissa Abrahão
ESB 191 PL678716 => SBT 1 PL678716 => PL 6787/2016;Hissa Abrahão
ESB 192 PL678716 => SBT 1 PL678716 => PL 6787/2016;Eli Corrêa Filho
ESB 193 PL678716 => SBT 1 PL678716 => PL 6787/2016;Sergio Vidigal
ESB 194 PL678716 => SBT 1 PL678716 => PL 6787/2016;Sergio Vidigal
ESB 195 PL678716 => SBT 1 PL678716 => PL 6787/2016;Sergio Vidigal
ESB 196 PL678716 => SBT 1 PL678716 => PL 6787/2016;Sergio Vidigal
ESB 197 PL678716 => SBT 1 PL678716 => PL 6787/2016;Sergio Vidigal
ESB 198 PL678716 => SBT 1 PL678716 => PL 6787/2016;Sergio Vidigal
ESB 199 PL678716 => SBT 1 PL678716 => PL 6787/2016;Sergio Vidigal
ESB 200 PL678716 => SBT 1 PL678716 => PL 6787/2016;Sergio Vidigal
ESB 201 PL678716 => SBT 1 PL678716 => PL 6787/2016;Sergio Vidigal
ESB 202 PL678716 => SBT 1 PL678716 => PL 6787/2016;Sergio Vidigal
ESB 203 PL678716 => SBT 1 PL678716 => PL 6787/2016;Sergio Vidigal
ESB 204 PL678716 => SBT 1 PL678716 => PL 6787/2016;Sergio Vidigal
ESB 205 PL678716 => SBT 1 PL678716 => PL 6787/2016;Sergio Vidigal
ESB 206 PL678716 => SBT 1 PL678716 => PL 6787/2016;Sergio Vidigal
ESB 207 PL678716 => SBT 1 PL678716 => PL 6787/2016;Assis Melo
ESB 208 PL678716 => SBT 1 PL678716 => PL 6787/2016;Assis Melo
ESB 209 PL678716 => SBT 1 PL678716 => PL 6787/2016;Assis Melo
ESB 210 PL678716 => SBT 1 PL678716 => PL 6787/2016;Assis Melo
ESB 211 PL678716 => SBT 1 PL678716 => PL 6787/2016;Assis Melo
ESB 212 PL678716 => SBT 1 PL678716 => PL 6787/2016;Assis Melo
ESB 213 PL678716 => SBT 1 PL678716 => PL 6787/2016;Assis Melo
ESB 214 PL678716 => SBT 1 PL678716 => PL 6787/2016;Assis Melo
ESB 215 PL678716 => SBT 1 PL678716 => PL 6787/2016;Assis Melo
ESB 216 PL678716 => SBT 1 PL678716 => PL 6787/2016;Assis Melo
ESB 217 PL678716 => SBT 1 PL678716 => PL 6787/2016;Assis Melo
ESB 218 PL678716 => SBT 1 PL678716 => PL 6787/2016;Wadih Damous
ESB 219 PL678716 => SBT 1 PL678716 => PL 6787/2016;Wadih Damous
ESB 220 PL678716 => SBT 1 PL678716 => PL 6787/2016;Wadih Damous
ESB 221 PL678716 => SBT 1 PL678716 => PL 6787/2016;Wadih Damous
ESB 222 PL678716 => SBT 1 PL678716 => PL 6787/2016;Wadih Damous
ESB 223 PL678716 => SBT 1 PL678716 => PL 6787/2016;Wadih Damous
ESB 224 PL678716 => SBT 1 PL678716 => PL 6787/2016;Wadih Damous
ESB 225 PL678716 => SBT 1 PL678716 => PL 6787/2016;Wadih Damous
ESB 226 PL678716 => SBT 1 PL678716 => PL 6787/2016;Wadih Damous
ESB 227 PL678716 => SBT 1 PL678716 => PL 6787/2016;Wadih Damous
ESB 228 PL678716 => SBT 1 PL678716 => PL 6787/2016;Wadih Damous
ESB 229 PL678716 => SBT 1 PL678716 => PL 6787/2016;Wadih Damous
ESB 230 PL678716 => SBT 1 PL678716 => PL 6787/2016;Wadih Damous
ESB 231 PL678716 => SBT 1 PL678716 => PL 6787/2016;Wadih Damous
ESB 232 PL678716 => SBT 1 PL678716 => PL 6787/2016;Wadih Damous
ESB 233 PL678716 => SBT 1 PL678716 => PL 6787/2016;Wadih Damous
ESB 234 PL678716 => SBT 1 PL678716 => PL 6787/2016;Wadih Damous
ESB 235 PL678716 => SBT 1 PL678716 => PL 6787/2016;Wadih Damous
ESB 236 PL678716 => SBT 1 PL678716 => PL 6787/2016;Wadih Damous
ESB 237 PL678716 => SBT 1 PL678716 => PL 6787/2016;Wadih Damous
ESB 238 PL678716 => SBT 1 PL678716 => PL 6787/2016;Wadih Damous
ESB 239 PL678716 => SBT 1 PL678716 => PL 6787/2016;Wadih Damous
ESB 240 PL678716 => SBT 1 PL678716 => PL 6787/2016;Wadih Damous
ESB 241 PL678716 => SBT 1 PL678716 => PL 6787/2016;Wadih Damous
ESB 242 PL678716 => SBT 1 PL678716 => PL 6787/2016;Wadih Damous
ESB 243 PL678716 => SBT 1 PL678716 => PL 6787/2016;Wadih Damous
ESB 244 PL678716 => SBT 1 PL678716 => PL 6787/2016;Wadih Damous
ESB 245 PL678716 => SBT 1 PL678716 => PL 6787/2016;Luiza Erundina
ESB 246 PL678716 => SBT 1 PL678716 => PL 6787/2016;Chico Alencar
ESB 247 PL678716 => SBT 1 PL678716 => PL 6787/2016;Chico Alencar
ESB 248 PL678716 => SBT 1 PL678716 => PL 6787/2016;Chico Alencar
ESB 249 PL678716 => SBT 1 PL678716 => PL 6787/2016;Chico Alencar
ESB 250 PL678716 => SBT 1 PL678716 => PL 6787/2016;Chico Alencar
ESB 251 PL678716 => SBT 1 PL678716 => PL 6787/2016;Chico Alencar
ESB 252 PL678716 => SBT 1 PL678716 => PL 6787/2016;Chico Alencar
ESB 253 PL678716 => SBT 1 PL678716 => PL 6787/2016;Chico Alencar
ESB 254 PL678716 => SBT 1 PL678716 => PL 6787/2016;Chico Alencar
ESB 255 PL678716 => SBT 1 PL678716 => PL 6787/2016;Chico Alencar
ESB 256 PL678716 => SBT 1 PL678716 => PL 6787/2016;Chico Alencar
ESB 257 PL678716 => SBT 1 PL678716 => PL 6787/2016;Chico Alencar
ESB 258 PL678716 => SBT 1 PL678716 => PL 6787/2016;Chico Alencar
ESB 259 PL678716 => SBT 1 PL678716 => PL 6787/2016;Chico Alencar
ESB 260 PL678716 => SBT 1 PL678716 => PL 6787/2016;Chico Alencar
ESB 261 PL678716 => SBT 1 PL678716 => PL 6787/2016;Chico Alencar
ESB 262 PL678716 => SBT 1 PL678716 => PL 6787/2016;Chico Alencar
ESB 263 PL678716 => SBT 1 PL678716 => PL 6787/2016;Chico Alencar
ESB 264 PL678716 => SBT 1 PL678716 => PL 6787/2016;Chico Alencar
ESB 265 PL678716 => SBT 1 PL678716 => PL 6787/2016;Chico Alencar
ESB 266 PL678716 => SBT 1 PL678716 => PL 6787/2016;Chico Alencar
ESB 267 PL678716 => SBT 1 PL678716 => PL 6787/2016;Chico Alencar
ESB 268 PL678716 => SBT 1 PL678716 => PL 6787/2016;Wadih Damous
ESB 269 PL678716 => SBT 1 PL678716 => PL 6787/2016;Sergio Vidigal
ESB 270 PL678716 => SBT 1 PL678716 => PL 6787/2016;Sergio Vidigal
ESB 271 PL678716 => SBT 1 PL678716 => PL 6787/2016;Sergio Vidigal
ESB 272 PL678716 => SBT 1 PL678716 => PL 6787/2016;Sergio Vidigal
ESB 273 PL678716 => SBT 1 PL678716 => PL 6787/2016;Sergio Vidigal
ESB 274 PL678716 => SBT 1 PL678716 => PL 6787/2016;Sergio Vidigal
ESB 275 PL678716 => SBT 1 PL678716 => PL 6787/2016;Sergio Vidigal
ESB 276 PL678716 => SBT 1 PL678716 => PL 6787/2016;Sergio Vidigal
ESB 277 PL678716 => SBT 1 PL678716 => PL 6787/2016;Sergio Vidigal
ESB 278 PL678716 => SBT 1 PL678716 => PL 6787/2016;Sergio Vidigal
ESB 279 PL678716 => SBT 1 PL678716 => PL 6787/2016;Goulart
ESB 280 PL678716 => SBT 1 PL678716 => PL 6787/2016;Orlando Silva
ESB 281 PL678716 => SBT 1 PL678716 => PL 6787/2016;Orlando Silva
ESB 282 PL678716 => SBT 1 PL678716 => PL 6787/2016;Orlando Silva
ESB 283 PL678716 => SBT 1 PL678716 => PL 6787/2016;Orlando Silva
ESB 284 PL678716 => SBT 1 PL678716 => PL 6787/2016;Orlando Silva
ESB 285 PL678716 => SBT 1 PL678716 => PL 6787/2016;Orlando Silva
ESB 286 PL678716 => SBT 1 PL678716 => PL 6787/2016;Orlando Silva
ESB 287 PL678716 => SBT 1 PL678716 => PL 6787/2016;Orlando Silva
ESB 288 PL678716 => SBT 1 PL678716 => PL 6787/2016;Professora Dorinha Seabra Rezende
ESB 289 PL678716 => SBT 1 PL678716 => PL 6787/2016;Professora Dorinha Seabra Rezende
ESB 290 PL678716 => SBT 1 PL678716 => PL 6787/2016;Professora Dorinha Seabra Rezende
ESB 291 PL678716 => SBT 1 PL678716 => PL 6787/2016;Professora Dorinha Seabra Rezende
ESB 292 PL678716 => SBT 1 PL678716 => PL 6787/2016;Jerônimo Goergen
ESB 293 PL678716 => SBT 1 PL678716 => PL 6787/2016;Jerônimo Goergen
ESB 294 PL678716 => SBT 1 PL678716 => PL 6787/2016;Jerônimo Goergen
ESB 295 PL678716 => SBT 1 PL678716 => PL 6787/2016;Jerônimo Goergen
ESB 296 PL678716 => SBT 1 PL678716 => PL 6787/2016;Jerônimo Goergen
ESB 297 PL678716 => SBT 1 PL678716 => PL 6787/2016;Wellington Roberto
ESB 298 PL678716 => SBT 1 PL678716 => PL 6787/2016;Benedita da Silva
ESB 299 PL678716 => SBT 1 PL678716 => PL 6787/2016;Laercio Oliveira
ESB 300 PL678716 => SBT 1 PL678716 => PL 6787/2016;Laercio Oliveira
ESB 301 PL678716 => SBT 1 PL678716 => PL 6787/2016;Laercio Oliveira
ESB 302 PL678716 => SBT 1 PL678716 => PL 6787/2016;Laercio Oliveira
ESB 303 PL678716 => SBT 1 PL678716 => PL 6787/2016;Laercio Oliveira
ESB 304 PL678716 => SBT 1 PL678716 => PL 6787/2016;Benedita da Silva
ESB 305 PL678716 => SBT 1 PL678716 => PL 6787/2016;Goulart
ESB 306 PL678716 => SBT 1 PL678716 => PL 6787/2016;Goulart
ESB 307 PL678716 => SBT 1 PL678716 => PL 6787/2016;Goulart
ESB 308 PL678716 => SBT 1 PL678716 => PL 6787/2016;Goulart
ESB 309 PL678716 => SBT 1 PL678716 => PL 6787/2016;Toninho Wandscheer
ESB 310 PL678716 => SBT 1 PL678716 => PL 6787/2016;Toninho Wandscheer
ESB 311 PL678716 => SBT 1 PL678716 => PL 6787/2016;Toninho Wandscheer
ESB 312 PL678716 => SBT 1 PL678716 => PL 6787/2016;Toninho Wandscheer
ESB 313 PL678716 => SBT 1 PL678716 => PL 6787/2016;Toninho Wandscheer
ESB 314 PL678716 => SBT 1 PL678716 => PL 6787/2016;Toninho Wandscheer
ESB 315 PL678716 => SBT 1 PL678716 => PL 6787/2016;Marinaldo Rosendo
ESB 316 PL678716 => SBT 1 PL678716 => PL 6787/2016;Marinaldo Rosendo
ESB 317 PL678716 => SBT 1 PL678716 => PL 6787/2016;Vitor Lippi
ESB 318 PL678716 => SBT 1 PL678716 => PL 6787/2016;Vitor Lippi
ESB 319 PL678716 => SBT 1 PL678716 => PL 6787/2016;Vitor Lippi
ESB 320 PL678716 => SBT 1 PL678716 => PL 6787/2016;Renata Abreu
ESB 321 PL678716 => SBT 1 PL678716 => PL 6787/2016;Gorete Pereira
ESB 322 PL678716 => SBT 1 PL678716 => PL 6787/2016;Gorete Pereira
ESB 323 PL678716 => SBT 1 PL678716 => PL 6787/2016;Carlos Melles
ESB 324 PL678716 => SBT 1 PL678716 => PL 6787/2016;Carlos Melles
ESB 325 PL678716 => SBT 1 PL678716 => PL 6787/2016;Laura Carneiro
ESB 326 PL678716 => SBT 1 PL678716 => PL 6787/2016;Laura Carneiro
ESB 327 PL678716 => SBT 1 PL678716 => PL 6787/2016;Laura Carneiro
ESB 328 PL678716 => SBT 1 PL678716 => PL 6787/2016;Roberto Sales
ESB 329 PL678716 => SBT 1 PL678716 => PL 6787/2016;Roberto Sales
ESB 330 PL678716 => SBT 1 PL678716 => PL 6787/2016;Roberto Sales
ESB 331 PL678716 => SBT 1 PL678716 => PL 6787/2016;Roberto Sales
ESB 332 PL678716 => SBT 1 PL678716 => PL 6787/2016;Roberto Sales
ESB 333 PL678716 => SBT 1 PL678716 => PL 6787/2016;Valdir Colatto
ESB 334 PL678716 => SBT 1 PL678716 => PL 6787/2016;Valdir Colatto
ESB 335 PL678716 => SBT 1 PL678716 => PL 6787/2016;Valdir Colatto
ESB 336 PL678716 => SBT 1 PL678716 => PL 6787/2016;Valdir Colatto
ESB 337 PL678716 => SBT 1 PL678716 => PL 6787/2016;Orlando Silva
ESB 338 PL678716 => SBT 1 PL678716 => PL 6787/2016;Orlando Silva
ESB 339 PL678716 => SBT 1 PL678716 => PL 6787/2016;Orlando Silva
ESB 340 PL678716 => SBT 1 PL678716 => PL 6787/2016;Orlando Silva
ESB 341 PL678716 => SBT 1 PL678716 => PL 6787/2016;Orlando Silva
ESB 342 PL678716 => SBT 1 PL678716 => PL 6787/2016;Nelson Marquezelli
ESB 343 PL678716 => SBT 1 PL678716 => PL 6787/2016;Nelson Marquezelli
ESB 344 PL678716 => SBT 1 PL678716 => PL 6787/2016;Nelson Marquezelli
ESB 345 PL678716 => SBT 1 PL678716 => PL 6787/2016;Nelson Marquezelli
ESB 346 PL678716 => SBT 1 PL678716 => PL 6787/2016;Nelson Marquezelli
ESB 347 PL678716 => SBT 1 PL678716 => PL 6787/2016;Nelson Marquezelli
ESB 348 PL678716 => SBT 1 PL678716 => PL 6787/2016;Lázaro Botelho
ESB 349 PL678716 => SBT 1 PL678716 => PL 6787/2016;Jerônimo Goergen
ESB 350 PL678716 => SBT 1 PL678716 => PL 6787/2016;Jerônimo Goergen
ESB 351 PL678716 => SBT 1 PL678716 => PL 6787/2016;Jerônimo Goergen
ESB 352 PL678716 => SBT 1 PL678716 => PL 6787/2016;Jerônimo Goergen
ESB 353 PL678716 => SBT 1 PL678716 => PL 6787/2016;Zé Silva
ESB 354 PL678716 => SBT 1 PL678716 => PL 6787/2016;Jerônimo Goergen
ESB 355 PL678716 => SBT 1 PL678716 => PL 6787/2016;Jerônimo Goergen
ESB 356 PL678716 => SBT 1 PL678716 => PL 6787/2016;Jerônimo Goergen
ESB 357 PL678716 => SBT 1 PL678716 => PL 6787/2016;Jerônimo Goergen
ESB 358 PL678716 => SBT 1 PL678716 => PL 6787/2016;Jerônimo Goergen
ESB 359 PL678716 => SBT 1 PL678716 => PL 6787/2016;Jerônimo Goergen
ESB 360 PL678716 => SBT 1 PL678716 => PL 6787/2016;Jerônimo Goergen
ESB 361 PL678716 => SBT 1 PL678716 => PL 6787/2016;Jerônimo Goergen
ESB 362 PL678716 => SBT 1 PL678716 => PL 6787/2016;Jerônimo Goergen
ESB 363 PL678716 => SBT 1 PL678716 => PL 6787/2016;Raquel Muniz
ESB 364 PL678716 => SBT 1 PL678716 => PL 6787/2016;Raquel Muniz
ESB 365 PL678716 => SBT 1 PL678716 => PL 6787/2016;Raquel Muniz
ESB 366 PL678716 => SBT 1 PL678716 => PL 6787/2016;Raquel Muniz
ESB 367 PL678716 => SBT 1 PL678716 => PL 6787/2016;Raquel Muniz
ESB 368 PL678716 => SBT 1 PL678716 => PL 6787/2016;Raquel Muniz
ESB 369 PL678716 => SBT 1 PL678716 => PL 6787/2016;Raquel Muniz
ESB 370 PL678716 => SBT 1 PL678716 => PL 6787/2016;Raquel Muniz
ESB 371 PL678716 => SBT 1 PL678716 => PL 6787/2016;Luiza Erundina
ESB 372 PL678716 => SBT 1 PL678716 => PL 6787/2016;Goulart
ESB 373 PL678716 => SBT 1 PL678716 => PL 6787/2016;Goulart
ESB 374 PL678716 => SBT 1 PL678716 => PL 6787/2016;Goulart
ESB 375 PL678716 => SBT 1 PL678716 => PL 6787/2016;Goulart
ESB 376 PL678716 => SBT 1 PL678716 => PL 6787/2016;Goulart
ESB 377 PL678716 => SBT 1 PL678716 => PL 6787/2016;Goulart
ESB 378 PL678716 => SBT 1 PL678716 => PL 6787/2016;Benedita da Silva
ESB 379 PL678716 => SBT 1 PL678716 => PL 6787/2016;Benedita da Silva
ESB 380 PL678716 => SBT 1 PL678716 => PL 6787/2016;Paes Landim
ESB 381 PL678716 => SBT 1 PL678716 => PL 6787/2016;Paes Landim
ESB 382 PL678716 => SBT 1 PL678716 => PL 6787/2016;Paes Landim
ESB 383 PL678716 => SBT 1 PL678716 => PL 6787/2016;Paes Landim
ESB 384 PL678716 => SBT 1 PL678716 => PL 6787/2016;Paes Landim
ESB 385 PL678716 => SBT 1 PL678716 => PL 6787/2016;Paes Landim
ESB 386 PL678716 => SBT 1 PL678716 => PL 6787/2016;Paes Landim
ESB 387 PL678716 => SBT 1 PL678716 => PL 6787/2016;Paes Landim
ESB 388 PL678716 => SBT 1 PL678716 => PL 6787/2016;Daniel Vilela
ESB 389 PL678716 => SBT 1 PL678716 => PL 6787/2016;Daniel Vilela
ESB 390 PL678716 => SBT 1 PL678716 => PL 6787/2016;Daniel Vilela
ESB 391 PL678716 => SBT 1 PL678716 => PL 6787/2016;Daniel Vilela
ESB 392 PL678716 => SBT 1 PL678716 => PL 6787/2016;Chico Alencar
ESB 393 PL678716 => SBT 1 PL678716 => PL 6787/2016;Elizeu Dionizio
ESB 394 PL678716 => SBT 1 PL678716 => PL 6787/2016;Elizeu Dionizio
ESB 395 PL678716 => SBT 1 PL678716 => PL 6787/2016;Jerônimo Goergen
ESB 396 PL678716 => SBT 1 PL678716 => PL 6787/2016;Jerônimo Goergen
ESB 397 PL678716 => SBT 1 PL678716 => PL 6787/2016;Jerônimo Goergen
ESB 398 PL678716 => SBT 1 PL678716 => PL 6787/2016;Jerônimo Goergen
ESB 399 PL678716 => SBT 1 PL678716 => PL 6787/2016;Jerônimo Goergen
ESB 400 PL678716 => SBT 1 PL678716 => PL 6787/2016;Jerônimo Goergen
ESB 401 PL678716 => SBT 1 PL678716 => PL 6787/2016;Jerônimo Goergen
ESB 402 PL678716 => SBT 1 PL678716 => PL 6787/2016;Jerônimo Goergen
ESB 403 PL678716 => SBT 1 PL678716 => PL 6787/2016;Carmen Zanotto
ESB 404 PL678716 => SBT 1 PL678716 => PL 6787/2016;Carmen Zanotto
ESB 405 PL678716 => SBT 1 PL678716 => PL 6787/2016;Carmen Zanotto
ESB 406 PL678716 => SBT 1 PL678716 => PL 6787/2016;Carmen Zanotto
ESB 407 PL678716 => SBT 1 PL678716 => PL 6787/2016;Carmen Zanotto
ESB 408 PL678716 => SBT 1 PL678716 => PL 6787/2016;Benedita da Silva
ESB 409 PL678716 => SBT 1 PL678716 => PL 6787/2016;Benedita da Silva
ESB 410 PL678716 => SBT 1 PL678716 => PL 6787/2016;Waldenor Pereira
ESB 411 PL678716 => SBT 1 PL678716 => PL 6787/2016;Waldenor Pereira
ESB 412 PL678716 => SBT 1 PL678716 => PL 6787/2016;Carmen Zanotto
ESB 413 PL678716 => SBT 1 PL678716 => PL 6787/2016;Carmen Zanotto
ESB 414 PL678716 => SBT 1 PL678716 => PL 6787/2016;Carmen Zanotto
ESB 415 PL678716 => SBT 1 PL678716 => PL 6787/2016;Danilo Cabral
ESB 416 PL678716 => SBT 1 PL678716 => PL 6787/2016;Danilo Cabral
ESB 417 PL678716 => SBT 1 PL678716 => PL 6787/2016;Danilo Cabral
ESB 418 PL678716 => SBT 1 PL678716 => PL 6787/2016;Danilo Cabral
ESB 419 PL678716 => SBT 1 PL678716 => PL 6787/2016;Danilo Cabral
ESB 420 PL678716 => SBT 1 PL678716 => PL 6787/2016;Danilo Cabral
ESB 421 PL678716 => SBT 1 PL678716 => PL 6787/2016;Alfredo Kaefer
ESB 422 PL678716 => SBT 1 PL678716 => PL 6787/2016;Alfredo Kaefer
ESB 423 PL678716 => SBT 1 PL678716 => PL 6787/2016;Carmen Zanotto
ESB 424 PL678716 => SBT 1 PL678716 => PL 6787/2016;Darcísio Perondi
ESB 425 PL678716 => SBT 1 PL678716 => PL 6787/2016;Darcísio Perondi
ESB 426 PL678716 => SBT 1 PL678716 => PL 6787/2016;Darcísio Perondi
ESB 427 PL678716 => SBT 1 PL678716 => PL 6787/2016;Darcísio Perondi
ESB 428 PL678716 => SBT 1 PL678716 => PL 6787/2016;Darcísio Perondi
ESB 429 PL678716 => SBT 1 PL678716 => PL 6787/2016;Darcísio Perondi
ESB 430 PL678716 => SBT 1 PL678716 => PL 6787/2016;Hissa Abrahão
ESB 431 PL678716 => SBT 1 PL678716 => PL 6787/2016;Hissa Abrahão
ESB 432 PL678716 => SBT 1 PL678716 => PL 6787/2016;Carmen Zanotto
ESB 433 PL678716 => SBT 1 PL678716 => PL 6787/2016;Carmen Zanotto
ESB 434 PL678716 => SBT 1 PL678716 => PL 6787/2016;Carmen Zanotto
ESB 435 PL678716 => SBT 1 PL678716 => PL 6787/2016;Chico Alencar
ESB 436 PL678716 => SBT 1 PL678716 => PL 6787/2016;Chico Alencar
ESB 437 PL678716 => SBT 1 PL678716 => PL 6787/2016;Chico Alencar
ESB 438 PL678716 => SBT 1 PL678716 => PL 6787/2016;Chico Alencar
ESB 439 PL678716 => SBT 1 PL678716 => PL 6787/2016;Chico Alencar
ESB 440 PL678716 => SBT 1 PL678716 => PL 6787/2016;Alfredo Kaefer
ESB 441 PL678716 => SBT 1 PL678716 => PL 6787/2016;Carmen Zanotto
ESB 442 PL678716 => SBT 1 PL678716 => PL 6787/2016;Carmen Zanotto
ESB 443 PL678716 => SBT 1 PL678716 => PL 6787/2016;Carmen Zanotto
ESB 444 PL678716 => SBT 1 PL678716 => PL 6787/2016;Benedita da Silva
ESB 445 PL678716 => SBT 1 PL678716 => PL 6787/2016;Carmen Zanotto
ESB 446 PL678716 => SBT 1 PL678716 => PL 6787/2016;Darcísio Perondi
ESB 447 PL678716 => SBT 1 PL678716 => PL 6787/2016;Darcísio Perondi
ESB 448 PL678716 => SBT 1 PL678716 => PL 6787/2016;Darcísio Perondi
ESB 449 PL678716 => SBT 1 PL678716 => PL 6787/2016;Darcísio Perondi
ESB 450 PL678716 => SBT 1 PL678716 => PL 6787/2016;Darcísio Perondi
ESB 451 PL678716 => SBT 1 PL678716 => PL 6787/2016;Hissa Abrahão
ESB 452 PL678716 => SBT 1 PL678716 => PL 6787/2016;Hissa Abrahão
ESB 453 PL678716 => SBT 1 PL678716 => PL 6787/2016;Hissa Abrahão
ESB 454 PL678716 => SBT 1 PL678716 => PL 6787/2016;Hissa Abrahão
ESB 455 PL678716 => SBT 1 PL678716 => PL 6787/2016;Hissa Abrahão
ESB 456 PL678716 => SBT 1 PL678716 => PL 6787/2016;Hissa Abrahão
ESB 457 PL678716 => SBT 1 PL678716 => PL 6787/2016;Goulart
SSP 1 PL678716 => PL 6787/2016;Rogério Marinho
EMP 1/2017 => PL 6787/2016;André Figueiredo
EMP 2/2017 => PL 6787/2016;André Figueiredo
EMP 3/2017 => PL 6787/2016;André Figueiredo
EMP 4/2017 => PL 6787/2016;Ricardo Izar
EMP 5/2017 => PL 6787/2016;Marcos Montes
EMP 6/2017 => PL 6787/2016;Weverton Rocha
EMP 7/2017 => PL 6787/2016;Weverton Rocha
EMP 8/2017 => PL 6787/2016;Goulart
EMP 9/2017 => PL 6787/2016;Gorete Pereira
EMP 10/2017 => PL 6787/2016;Carlos Zarattini
EMP 11/2017 => PL 6787/2016;Carlos Zarattini
EMP 12/2017 => PL 6787/2016;Carlos Zarattini
EMP 13/2017 => PL 6787/2016;Carlos Zarattini
EMP 14/2017 => PL 6787/2016;Carlos Zarattini
EMP 15/2017 => PL 6787/2016;Carlos Zarattini
EMP 16/2017 => PL 6787/2016;Gorete Pereira
EMP 17/2017 => PL 6787/2016;Magda Mofatto
EMP 18/2017 => PL 6787/2016;Vitor Lippi
EMP 19/2017 => PL 6787/2016;Izalci Lucas
EMP 20/2017 => PL 6787/2016;Izalci Lucas
EMP 21/2017 => PL 6787/2016;Izalci Lucas
EMP 22/2017 => PL 6787/2016;Izalci Lucas
EMP 23/2017 => PL 6787/2016;Izalci Lucas
EMP 24/2017 => PL 6787/2016;Izalci Lucas
EMP 25/2017 => PL 6787/2016;Izalci Lucas
EMP 26/2017 => PL 6787/2016;Ricardo Izar
EMP 27/2017 => PL 6787/2016;Ricardo Izar
EMP 28/2017 => PL 6787/2016;Bebeto
EMP 29/2017 => PL 6787/2016;Bebeto
EMP 30/2017 => PL 6787/2016;Paulo Pereira da Silva
EMP 31/2017 => PL 6787/2016;Renata Abreu
EMP 32/2017 => PL 6787/2016;Evandro Gussi
